1125tNHvjqRhJXugufppgZhgAB967jpssp,reilley
11576SdwzXzY3YTCtFDiu1iAgz69iBemou,Theo
115EXwBfxpX33SKgL9ki915URzwB33oq8o,DragonReach
115utpyQqVQo6mxN6o6jksLMjGqJiJ9wjk,tbo
11AFuNXUAS3woDroUtXLv5qLkQ2wUkvdV,blakdawg
12345Vypv2QSmuRXcciT5oEB27mPbWGeva,dserrano5
124ZXS3rQVtyyPvvtBiZcNGWq8Qj2eJFyS,MonocleMan
125hZgEw6MuuyyeMVgRJRVcpiog1NiSruq,dkny
126fqtqyoNNBriuCmquknbSzZxJJjYers3,CanilukLtd
126phD7Vm11z3zL1RhfTXQwaz12KZ1orXj,hini
126sk7iyVPjyVQGgdbNpWvDFc67YxJgKjL,ZeroGauge
129KVVJBZwJkXUgWE4DKbiEPq9Nq8yPzYF,SultanFarooq
12BNMZiCMhfk85e4SR1FaFJrN8YDLiQ6w9,dalkore
12CRprTFdCvApc6sLM9xVDzQzZDDiySdLg,Nuscul
12Fv4kw4jqUGtvi3ZTDBYfvPsPZ1BCe5ib,iirrat
12H9YTTS2cxtTphVromSJtPkM2h3sra1wP,JonnyFunFun
12HCuxZjJ2ndXLM5P32s7D2XT7N1bGz2PB,Ryan_
12J1AvNDEtao1iQQaUPJRRF3gymraExn4b,jjoin
12JXrgoDkyyEKDKvfMKLx8w52Jd9Q87h8P,bort
12KdNksw58F8Uj9iH8zqWtR1f6Vkzu4d9D,maaan
12KfWiw2aBiG4ynTnHJmZH3cTMHV5wNEvw,NRF
12MgSHA8nhEews5Z9nK3R2NbqY7VtR2cBR,SquidInk
12NaJKDbXyBbe6mAosGVtXqsjNwdHFJF6B,ninjaa
12NjnZTVeTJ3g5C7BqfS2aQ2rLkmwiqVz6,smickles
12QqeGk4eHNgc6oQVuJ3gFMa8WoRjNb7Ww,Sephiroth
12QqvBQsPWMxy1RZezu3N9LmBBXSjFpgZa,Metta28
12S1XZBgEtpL6neKMKSp6NiUtEL3ArwNRY,bmb
12SCFBKVPMLQ1uXfki2AFizqgzR7QhKNPi,dd021
12Ss28x7g8CfRT7p16Yd2cXBGhmiyZ21pL,osmosis
12UMVpptiPfnhR5Apsg3JRHZHGXNs2srTB,madberry
12XPouhg6DjJPxyiKxzXJ4ix8ZzfuvC1kC,Ssateneth
12YMeH317K2Qjon77mhe9topnSDWCebh7y,shaoman
12ZE6HmHzJYW5wxpcnyqWhL1Cpe86tt6aC,Perlboy
12aAKbH3iHF2qQ2jYznvHF71YKqpTC8VMX,boycie-34
12dfNKw6SfFuGpvy4CmMsVnGbYMmdV6P9Q,dubs17
12es7DXVDZxU1AAMRJSYLN9eHLpL7iqkgU,dossod
12fGgbgMyqMkLf4muL6MM6CGGJqXzcCBF6,theartofbored
12fvVXPFPoGdv3T9GnxRycyHBW3gTNdUQ9,WhynotCC
12hJxhv54xM51FxRySy1x9r7cxwyGW2RpW,freelancers
12iDPPepCBB7i62D559faUY32CsFAgixCo,hailbop
12jmmskcZTqZrXcgMeqEBcMTepi5NZAkE9,ub3rst4r
12mbFFeQGFbZdJHTMVgiMFN78nuzNTZUgT,greeners
12n1Mrdg6B2ib26XM77zkGvFXLV846GgsA,spip
12ovgPQ2PAifM6eMj5QZvaMa9aVwUb5y8w,futureghost
12py6bDdUtHkZqGaRgYpF6KUZmUSxkesA8,Brucenstein
12s3PfMPPBRQBkwyUBF7iZ6U8gkSNsT5Ay,EPiSKiNG-
12suSpJ4fudW7DNwzbxQsRSKVuNkwuP5RT,synchronize
12uaoXUfXLQzXe2jVTGBmQbTuCktmWn3tP,gineta
12wpbXDdhgid5ZCuBDr7Mpnqoi1MbffbNY,bankhammer
12xfxoxxxWvs4WXBjYSE2fB8VnADvRjFgR,Fuzzy
12y2xSB8dqxi39wNNJMSEnqSMAjyntBcRF,troyboy121
12yUFL6Mv5cpbeFntEPyiG7Xi7BeUTJ6ue,testaccount
12ywr3p72pPArKAzqVGsJFM34Z6bbMdhYv,dancingbear
131CKqgqS3wfmrtsYpEiNRdeRbPR3cvQHU,mrperik
1337U83UQ4tErbzMWMB8VyS7yVovxBtrUm,zwizzle
133A4LCCUGsWBbBe3gqSeDWDaNJRRi9ver,Ri9ver
133G3SkvDoJwd9Vq7YQxfoZuhi491WkaTy,penguin
135t8rCwzy8QK9BWhMMB8S9m2MAzUpBnyN,deus-ex-machina
136N8zVhmwT23gruvUxA6x5NU41gVmad3Z,dlasher
136QJhqfawumiSPoeJMtiK3CqQbXZwMcjS,natatox
138QpusWigaDrY9JfVrB8PCvtz8QH868xs,Pankie
139WQDNyueG5jV2CNDsbqWz3mXfodbex5n,justtestingman
13AFkA65ecAUGiPrTFAcqbuHk7J3GJrprX,cond0r
13AxPeQ7bHu1mXCYBWGPUpRGKvzgQykSvq,fjmvieira
13Bf5XxnbYySbeGoTxSAJtVphj3JrJxj9k,chrcoe
13DBLw5XHiDkD5nKu9ozeUXgJejW72yEcB,transcripts
13DpQjSBpabB51RY6gKDddkUBUKYseGsHF,yellowtail
13EEoLG91Lq8sRsqvLuLcfu1NxviHPDEL3,PurpleDays
13ETJ54aJ7DrvduXg8EapaC7N9PdxEX2sx,dax
13EaMZhe1uGBhrwKVUNoEVWmqJnX6seyj6,tnedor
13HWyycMcYjX3zg7uQvq8n4F8aeqEXBsfH,lachesis
13JREfjCiLMmsgGQN8NuutbZYjd84xtj6f,reeses
13K4Xw6e3epQAXH1E3p2UczAHz9psRY92f,grawity
13MjP9JS1nwPSoY8WCuXms5NbgZD1gunqX,djjelly_
13MsepbQftqJ62t5Ljvo9CbWmEpPgogetM,carlbartion
13N4WGTfLa2VS4C6Zt9M7z1VbPpVtu2xYY,forez
13Q7qWDwEWxdcomwnhrLyZ5qGrbtjUrZoL,dobbshead
13Qb5XbjoKRiJyZtKz2KdgUYpCVB7NoCwz,NoCwz
13T9g3r1gakHyACfYNQ4xpLZLbf9k4oPUh,empjer
13TJAte2tQYBSMuRJTQx1PAQd1fmGWHKGu,malophor
13WCR4o4kd1e14ZRcGxZw5ESZwjLkNY7iS,fabect
13WR7ESEzbdYVRyqM7PvSEKZUhvx46sjDj,bcool
13YfjysKC2qp2TcYhpQjhkaChxNWVBTAFc,TYDIRocks
13ZU7vokuRPvVuyyPqB5R6bH2peB48wKoR,coindigital
13av5JJoGRyUhvZdEHmxNLw8uq5Ahz9PVt,supr_nodes
13b81PCoCyT8y2nd3KwuA325AsF8fmvcUL,insanebit
13dkw1PtojBW74FN7ERbHqoEvgsTmtARuj,Adlai
13dmz1Csw5uDpCsfTguGqLS6Y52uFQMLvd,libertas1
13fmzfVFQSuZ2vcW9dJGHKSkFYdLpFVSeo,mike2381
13gJh2mgymsdKbLurMgDn4s6MmuypBnk4S,thetruthx
13gLyJfcdJmLfsGUgg4sXRAcjppq8GwDud,Rankors
13gthFUM2xdBrpgc4fpY5gd2oYyY68mbT7,dimko
13gyDqfYhrBE2EArKQcPQt7qtUcd12fV2t,mike88
13hsvWsnVicc3rH15AYz5VVfND9KqGFmUq,CodeLion
13ipnudX9vBDyJMDmTMu4Xd8mvugzaBBss,eriiikk
13iq97hbByqZtrX5kUmS9uUFr817MugfTJ,Rooftops
13j42VpqkGB1Qc3BQbx9tv3E7KgpENj3QR,flyingtown
13jwTHdqaEFhwWqoTAehvNGBsVHM5wdqfy,Tets42
13o8y2kkvVdJCG8YJmecCxSodERUscn8F4,AnCapitol
13oJHQ4Mja5b9pmkMKHp13PskGfb7yS7DL,china
13pj2N65JD7wPfw4Wu5x6Xae66USge3Kw1,dirkdizzler
13qBuF7JEALzWuiepY7ZdeavuQTXuyHxiC,trew
13sxfwMjt7uCpJxEuAPK8Do26iPCBi3iRG,pingywon
13uXUxWfzk3g2tMgFdqSM45Sg312kMnt6K,andrehorta
13uiruddAni6Mk7hRb9KFFSLs8dEzmmxCd,Kazzykid
13ujpBcrJKaDPGVqXYF6uHx1P91LaYQMVz,McSneak
13v8hur858wjwsd2Z9cGxpsGyx3ynQf7S8,"Pwnonias,"
13vkDD6EkSdQiwySSZ9onBEaHM42t7z5EM,jackieh
13wVooBUHBEofj74TQ5EaeoESoREG6cxPQ,humanskumm
13wvJyWu2mn2r2BbXrXoaC8UBQ7wi96UZz,Dkma1
13xZ93HKkiJsRUAWqusHRLpE6dGsnEWzrn,DTanner
13xmwPLrENHCfcEHoQs69HVTitRuCJCWic,sainth
141KmBZy6AsH9ZPc6nSDiLsq9rG4FgzP1u,Jrummel
142ujZikc23m2NWvACDznBa29hBYhHFtum,Equizio
143VTEi8hCCw9wzBXJqZYifMLtjGF71HBN,lgbr
143uRaUTzCohA496d3xH6uEFTjz6oJBmcS,zjbird
144LmVdmgLy2rc9dGMhJfqb4fUmGWMMk9M,Azelphur
144nd1ehLqUhJ86Qi1KtUCWK8pabf6U4Nh,NoobAs
144yvmQzTtjp6M4RWy68fsVLrHmuSS4V2r,dio0815
146nLZBf5GmaZBWD1ivYSxAnxdWDqqqrL6,ncon_
14736gAy78wwLhe7kK7jS4uRvDZFQSFp4K,BTC24
14Asrg7roXxxCYD45Z78Y1LxhWoYVwHtcf,Nachtwind
14Aw9nqjJxaWyojmViwgKzuBbjumPL6wXY,deus_ex_machina
14EqujHq4AaLaxXNksja7dhw3XM839RHSx,srtom
14FmJYsJTyqqaPnQH57YCUyQwYxzQGD6Zx,MoPac
14HetqXjiKqwggUYFHT7UMwgdNJSQ2CoW4,bemmu
14J2LqbUGq272qcW6F3YeRbn6zGDwVPC7u,testerrrr
14JqL6tYzSGYWhtc1W9CzckpC3wBnkiSQA,ashiba
14KVzbro7CnzJzBhpXGpHGpPtvT2vWHfSg,nerdmeritbadges
14LGRUGfyjx835bKrvnw69D2WfEYmp4VMo,fsgr
14Pk6SCCSkYWsxB2NocB7hD9EdcTqXpPF8,k3ksi
14QVpa4xANbZu2EKzU9Ti24i27Kn7DwrSX,slePP
14QpJiVnt4EWdVA2szEQBc24Zq9VfcZ7cB,PaperEyes
14QvTg7cTfbh8Sa8PYVqgGoxwWBhQhb1aa,Fundai
14ZgmnQvyVkjRUXYVzJSTW2oGX74PWHv7o,TechMRW
14a7yiwt1V4B2YVdTrqmRMjaqJcY7oZM1h,tanky
14fBdGAiHEgFXYWu3Qhx89Eg6o5DMrDUG4,unruskimo
14gadEMVrLvaSPrgReNxcXKLeZt8oLy7NW,tux
14guXiyDaE4MGe5KHqdJczGWys5UELX2JQ,eagleapex1
14hTyrZcLDwcGjbFXpNhF4r9QypLnTK64d,aleblanko
14hnHBKDNH46QjnDamm3JQfQR1t6EsDity,Puma
14huaiQ42SX6LCqRZCY8t1YVWDrnDctuS2,alberteug
14iJSF4wdA3u7prWobk4GEbREP2HmDBYGp,marinXchg
14iayJSqd8h7F38y2feGwvFuYkbBkypJGt,unchia313
14jbi69refYcF7MqA4JXgeweWjLAz5y9RS,thebit
14jn7UtiQDC6GXu75sWh7HLhijRmCZV36A,lionpeal
14mKLTFM1RVusZVUkAaeeEhZEPdNFLw5KD,Gilboa
14mcB6jiqQSgT3XGRSPNSaj4FfXFT1cHUr,bdiekh2
14muaXxTk13xHuT7m6BgCX6xpnab8nNteF,ezah
14n31ZBbiyN5rMMCSFjENFv9SqeqJG8UAJ,carluz
14ngsQuDknY4JiBLvZMJSyCGT58m2Vhtxa,GhOsT_ID
14pRfYRoJdW1Pa72S1vhvf1pthQZqxSveJ,Shapeshi
14pZemAQXg26r49pqQdWupF6rV3QAwc9py,JohnnyPotSmoker
14pu3bQTF8eXsnz92buEHxQ1t3BFtCsyHL,pstei
14s3JgnnqPDAJrBVSbXco1ZeEJwHmsG4Cf,BlueVM
14v5rsMkN3EKNLVaUAPyVXB5m7qZRGuynT,NT
14vFoDA9VgdsXFK3ao6JqnBXPZuPzNgztn,ElevatedDownfall
14vMS7rXi7ygBnSyxDYE4jMfZ5AKF8r1KX,rchewyy
14wJzuS9xTZUCLWLQs5kpHsKqZtoyGdnPE,Tengo
14xzNn71VVfrohawvTG7cyUBYEWxfqKibD,completed
14yt5LHQEgNxAN1aFrf7UVvX8fuK1gcSJZ,liathan
151UCnWWgQt4cMbCxZrtMFt3Cc3eEabhz7,jimjimjimjim
152YRALPub4TESDoXgVu4Y5rs5DRywZxso,Wolf_L
152coQw2cYazLKtBFSH75iE1SdsR2H7qpW,OPK
153MZbMVJcyT1Usc1K5BEroe7zGj4rShy1,darsie
153vMdXEQVwYbpYBG3cRsQTyAd26eXvq5v,dnsbtc
154RdQTUSuQmnAEkeV3jQvuyeUG8gTXYqm,quasi_
155syuhxDe8MHB8jpD5G6bjcmN7ESd2ACt,Attiadona
155yKkx3SZYpgC2XsVPzDYtLcjAWFob2pf,sonicrules1234
156ZGwAXWdLKz4WJbEb5c6g3K8LxVWoVHx,dannuz
156vWCq9HdEFNK1xuGKSNsPkMDfAx89Xym,ttitze
157f1z8ECEg1ccU2zisRuLndRkqXdUNDZd,Santahh
159yiMsjNPdQEhZptjgFnJTLxkuWBHCo11,autumn
15AJBpx5TimreXVmSn2gNnKwherBEVy2Ch,Darkasakerionz
15AQmdCnUgNLSGahpob3E73pViSqkcRubp,mr2dave
15An2DqTKmDDGQWmXScrPC9XQKCkmc4mfN,quijote
15B8c7C96UgXnmDySUTMdBubzomLQRud2f,willz123
15BoD5q76c6gm4wFrd27GUcZRMDdyQaFUz,dolanduk570
15CtecS7EGUqB4jQAm2fhGSyfqTjJ4Ym84,droidmaxx
15EHLRCGYGmz8AVu5tYKXaRBQfkNR2qLDm,DogMan
15EKpcuKRM4C4jbiqKwEKYTY1197bqhjod,kevmitnick
15H1RikXhRYMwNmY9hVAswdTkRYUSankDG,Shirik
15MSQ3YYvPwJzxqBcfSHGWMsgkAgyEna9M,root2
15Nw383QHazR8TtSj2wFvLTLFiCMBpqWXE,tenakha
15Qie8kvJ65z1Np8ZRHj6qLRWEHxhQrXtP,lukys
15S1kN7uAdszEi2oyabTyZKoB4fXDfPxdn,dreamer3
15SRXttn6M4Tvvha1vyUu6XHKujpaHbXN7,excluzziver
15Shvpsv3vD1T2opWAFX3fmQHEZapVcwrS,frtvea
15T16bVM8iFKgrk3x9ACB9X4adGUUxEeXK,shrdlu_
15TncZKz358pha6L8v2v8NnoqKvhq6QZEf,SynOps
15WmQsD3dKtEkzj1umQq3apUXoQgjzRxwR,JSONbourne
15aTVoGF7JW6ACGjUbmRwa1FddLb2B1J54,outrexian
15bNLyPFQqiTKN2VvPhyiX8q22xcMAwfRP,Bitchz
15e7Lw58XggBYumYtszstt2dGZAeUs4CPS,xisalty
15eAT69rN99PL3d3t2iPL27AqvknL1zYb7,BTCHero
15fTBJihCgCHtEcYmzbDWBGZQiCvoGzJ4s,wolf13
15fYHQFF83KRKJh3P84aSvMgJ4C8Mw1xt5,swilly
15fy6d68EATWFXzwHsCnBjWrqieANEJ1u1,transferx
15h57WY3a4iGyr5X9woF3QEKgn6hSCc9sq,Nolo
15itJQHx6XSsruc3sNkLyDExXVErTGb2n1,bitchen
15juTnd3cfVGjMctJkhinV5vFhpWAHi9Ht,majinx
15kwZ613CL3XBWUdwD8i7qzWpE6jmdMQEw,KingSolamin
15nctYywHaQvUnKrCrX5qRQEri2RxwJ4sx,gribble_assassin
15oPGvQid1nydmBKRV3eDwzT3cdXHgVnzm,stenkross
15r5JSPTcCx2T7zWiS9SegBqaJMtk2kfn3,jobe2
15rjcTNHHcyDC8ZupESF1LnySntzCPGnhJ,merserki
15vuNkFKGt8ZvspW4mBNKnbU7zaYKEhK5Q,digitalcoin
15yF72Moej8jWcFcFMn9BdCtNzss6WxVEh,sega01
15zXKM5Bg5P5ErQyfK7vTG8ob3qz1qYT6U,CyberMew
15zaza5MRaN5jfsLLe3ML4NiLKytSHif4y,nzbsrus
15zyu6SQnZVGc6Rtf4Tgn9udR6A75CDyZM,tj21
161PRmh2SJcGZW5d2FTsEMmT8xY8Z6vRae,thebitman
161jX4iton21PfZFykZBL2wNsuyPqCqSqo,cryptcode
162APzXDkHEuYMwWuB1xKDtJDLJDkzK7Ai,Bitgod
162tq4T5YQ8q9JZrunnBDhGetYyLuwVGi5,ceegan
162zHjTdm9pJxG3VBJbaYCyafS18Av94gK,temporal
164E9gVwoSELqB7Nbft6QkUe3nPURBXZ9f,HungDaddy
164Lwehp7rEcmSyJoD2wGqvfdyVbFz9MnM,ShadesOfMarble
164Rb4TARunbmtcCCJBsd7VgicyYDi6wDZ,sc4rface
167CDYTpqpyBcPJrzpxgRFv2AvXi4YBK6o,RBecker
167ZSRpLhbfxpsgpa4cWMYTSkwa9eEhoX2,broken
168Zn1Wziu4uZzwjNKD31thGQ74E5dZxHw,imstupidnice55
16AJfQ9LSQgcFqVv93xZPXFor8GQEiC1wL,bitbob
16AQ4RSEyyKqZ9sfWzBUHi8SyyoDC7TRP4,statelesstrade
16AfgPuiTdJ1bA9cBRvtjpiGxgqo4TFppM,coyotte508
16CreYwnUyTDbWtCEkboAJKmLkY3YopMWs,Azetab
16DT6WHoVYbLAyQdkfjF69s8V4PY4wAP1q,shaman8
16EaLn7AKjw6QEVg767mSpgzw7uEj6yd1e,Anonyme
16G7q2zB4K1FszREKYCxuKUkhiK7YYhT1P,Ovid
16GBjoZgpnJQxS1B6WHVc9sctr1jFo3xJP,dmp1ce
16HGrW5JByFiPRsnev9AW4fxpPJiv9ankN,anonz
16Hk1LZMfMBNXzRBAiWxrtc2kGomq4YPf1,CShBot
16JyfAfvuamK4B71D4ykYC47iv7e4aUFRQ,tborg
16LyYPyPn8FtoetQk9RnzUQM4AEuE5KNZ8,Hunner
16M96KzQ7DJvZ8KJcV9pFCAfrEEoQ5K4w9,FourSeasons
16MvZGV5bjT2Sc8G7AQh45bFxSVfXEEWTo,coderpro
16NnAWR1pwZki1yHKzSadttppuD9RG82E3,D4CH
16R3F2Gm8WLXeKcqrgLW7VqdNt3EPrxLwc,Methylparaben
16RyiWtAcYYj8QpLmtJtmDE6vTwQ1uAF7N,sangdu
16TupbPvWiLbSX1YJk2QVBpzv3haN5ekLm,Genscher
16VXALSZ9XJBz4JW2xi9T8pDf8SHrKt9tE,Faradayy
16WJXxC1kBnVNYdkeF3yyAniCK66ppkhcW,wormsign
16XGUW6gR2aTmLYkkhrKkyyp598kyB3bQ,varcher
16XY8Pj4e4jWSU8VacW3RTctcogHXtRXPj,gtklocker
16Y6opxPajy29ARrdTAY1MqYAkMnyvbHF6,BitcoinHoldings
16YpnATUVKw5SMCk1d5f18GhvsVTzsjhb7,seisatsu
16Z3odH67KT9kuzWHPakhHMQBqGH5DU1y7,TheScriptKiddie
16ZnBgCgkdgzGBKq9BfK4qtuvqveCLU6zg,kynolando
16enLNABs6BRVv2HFVknSx7NaWFwGofHLU,RylSta
16fWKdnws1KdaCJijufmXK2TCbwVGjSeUK,wizang
16hmG4wr5icVKF89cqYojbQXRb41izpPSh,Imperial
16hvEn1rNNj63dcVGHQgut1eiWuapM3xYX,jakester
16hvaUVDPnrJDP9ovvW9pEPvJreau66hiV,nimbl
16im1LcHYDykdiqVyHL5wisnsmqfangyCB,blinkrock
16m9KfmciiH2Mfco24iWW5zesKy4oN8UHM,chaosman
16mHAiNofqZdVBzGofsF1fqPk8QXrFzv4H,kozmikreis
16mmrVbVPV4tqf1gcSmdroQ7t5whSdYUEU,DiscoStu
16qXkHJTMHCz1d7YKAn9nGw7PRFY8aVuRA,fishface
16sJ7mZm2EzMKEtD3iGavx6vWndpT2AdNq,bitstocoins
16skisUiZtLkYWRk7XgzoHhPtwbYiNcgmj,btcevolution
16vxqFzQqkzGvAFbGYttXdDsSDEe5uQfaA,theone23
16vya1in7ZXUksxLpRnatSewxGJ9LGzeME,windwaker_
16wNNkcrDzUpp3W8uLkJnTyZUKX5zwGMad,jkidd
16zBaxtrv1dA5oBsBughQH4AdUkVncmhWd,coolkid321
16zPBEYmMtCtmfVeDhyDGTS2YBo8PmvMTx,Verve
16zTzaXYNpEJDKFpKMnap8PH6BUcR9Qj2P,fsk141
16zaKwZC6n9BMipwLbewYGn8NXEgmN2f3Y,jcpham
172TXjeqjRj3RqKYQbNYzB8MqnwLqzmoTS,Cruzer38
173J3LhVUwTqo8GNdhWytQUheYGE9jaYEn,synapse
173saP4ouJyz3vaGaLHuzvzritKYBDS3LN,fighterjet
174NNPdyVULTXvSGNWdFEruyh6xJRTHmuC,neoroses
174bSGB12r2hGZfQ2jCTwBHHDmzj1tPY7G,asa1024
175jGZ3C7p2nvkRu8iV12mBsmF5LgxoebV,Matoking
17CS73Sdmm21vqgYuTa7Stszi4ZXRA7wGM,ethynds
17Cnr2GQZBuKB9npdnShvWEkcsHyb7p7Mp,crylina
17CxJTyLckH1szeFhhECShpJ4ZR2hHAJKc,forgiven
17EUaavuFADoQwf1cC2GH3ifs1tmzkK6ue,panzer
17F4grt9HoxVzYdQRt74mp5t1dRyB1nA6T,barbstap
17G4FEccujiwUdid1FGwyXkhagqx9Z23vN,Kpjod
17Kx7LWZCpA3yvnStnrVZ3EbEiaMet1Eao,veeminer
17LJBc9696hjbF29BFXS4wRDzaMecYnZUR,Jourgensen
17LcSZrT2FFBgMvrneXKNReiLhC6HmVu9,plusminus
17Ldq8yKuTSqGadGJsqWuTFSm7v2va4sgx,lolgic-otc
17Lze2bMMgN86Yf7r6aqcvTfbrUUty6yJP,unnetry
17MDpjL8kwgVUYC9nu8EJLVAofevuAQgpJ,BertCoyne
17PQphzgUps2NuGLPcNT5c6hJLxyiBTobR,frend
17PoycjA9nuH4snLr5Bz7d1PdWwffKGTqZ,viconte
17QAPwXnqXX771j2CB7y2ahuoX76X4aipv,danieldaniel
17SBByzgtjP12BvNvU4t2VANYiutrsQpEh,flexgrip
17U9g76oE5ioSVGNqdeYnczwLVwn6SGJbK,umop3plsdn
17W8PxZ9eW9cp7jXdBJ4tcVwFB9rSoz6mf,appabear
17XRm68vDigUaqzRS8oPknUADjCvwLmavr,tommarku
17XUTxh1yjQqr28bgiu9Y6epePPtHc9gG,acebarry
17YMf4xLp5JvAHn6M7bJZ5MiSN6mKGxnKV,CypherSoarize
17Ypt5vu6pYiQMcQYjtWrTtoL47YqnGTRj,zoidburger
17Z2iGUz2Yj7iRmfmQ1cNw99ftjCZw45y1,Aroxan
17aacoJaduwjJd6dh9cxgsRLMc5CkB2b9n,pirateat40
17dMMAPu2EZ42MuJ3msTfm5ReWnu9kyLzB,widith
17dtNcB5EVkeox8Th2hwfKhEzd5FRnY37N,Jermaine
17e3W4wkEh2svtHxW66jhoTRCanRqXXf41,jamessummer
17hjk2AVC5jWAjhsrZJZSWxe1RsraUPmB9,oceanturtle
17iPDiHJduwghdukR98EfST7y8VwPmTy6g,blaud
17k8vDrG57U7K1c3TUaZ6KXFCQGJmeF7me,shelbs
17kAbXus5hP6hR6snY6r52W9PNiBu6HLZo,Rudde
17mAa2HNXp7uUuAzSrzxtMaeEF1S3z2NQJ,marksmiths
17nFxZjbJ2SXhP8mxEt4xWGnHSjoWDmh11,windsok
17p4s6npGBHBmLfcPoC2iHTgMv9YaFciy2,tonikt
17qH715QdpeKLopoKpEXKTCCJdfT2AaRT2,glutamine
17qofYH87QEqAEgiX6e3dpzrpeZe53825Y,bitcoin-to-cash
17r2eE6gUD2KU1X8VAJMZpgQr5Fe6qEsXi,ZebraCakes
17rg4iw7NYBKwhymdgJXtkmMUn1MW2TUea,overware
17s1paurZUVJd5SJFd66jZyL5exHGcKDDj,Gaming4JC
17shqXtXVK47rax4fEXRTVq9tjfzRbXEHf,milkvsmalk2
17tdmnED9orHzM1n4bfckGc7mP6SxAc7FF,gorky0
17vk2DasZvQJNb11ge9J3kNdA5sGs4T8Du,cvsvc
17xRETnBaHuhc7a1nYxoUF4Jwr4CNmoien,jetfan12
17xWMbBuUtaWmwd8mfJtZh5VjJHNQzrop1,putinisgay
183RAE9RMmtt5mmmj6nDY12wGWuGoZUWXi,leotreasure
184QZgYk2xeJGmEQLW3cRFTPCHEEedzvVD,TuGa
185CcoR5MFGLryPPTcTNY7VftWfAfvsbPt,Moneybookers
185vnx5rrVy6hD8mm5EkStPwjRUxysdCAU,light9
186CG6crDhxWYGVYeAGQHrdKXzEATywWzp,realniax
188PuWuZ6Aa6LZEycFy7t8mu6aMAGcLv1u,jjjjlovee
188dkS79d8mkJwqCCV6v83dAKc2wM1GvD,frasierman
189ovedivX7beuMgkF9KppE3J187gdzZ9Y,btcfaucet
18ACUZdDojjoP5LFC6MggRJonJsGR5tSNM,dyna
18CcKvTYJtWnFRfB1VgVdTmPK6CKUQaTrd,thesilvermtzion
18D5TqmFSVT5eeEqMYWpishCsPbYWAB1SX,Alternity
18DyRaRCJdRL3hAiJSYXPzZjG3cgLvgRw7,toocool
18EgW8SXBDWKCEEkfWJz8N5i4N4XT1LdcZ,ayrox
18FtmfsGjJAtybxhCtm1PU8vugP3KK1qKt,keverw
18GERP5Wq7NFbKWsSF9ykNGUqqD69nZbCb,kju
18GnbJ2wgXme3L4HKz1JpRZB1gLYejv54,gtrrkicw
18JP8n2bzJhNXqiQvrS5h28mgEuGDaTn51,beeteecee
18LJd1mis6J7UhgBnudgc7tbAMXPs3uKDF,iJeax
18NnN9gmk6UZ44QpXNBCJaPBjGNhHKfBou,payne32
18PSugL8MLGR5bHgEWh2GxFshLqRWJ4MnD,Lacertilian
18QVtu1dpvmVyygzCnKJDxvs34K8EqbqoF,glenwiley
18QttKpw6pZJoRaXsMxyf9SxPM8HcAEiDe,arsentiger
18SNiRKvuHfni31RJpA9rWahnWzS222h9E,salty001
18UYwzwBo6X8TFhHEgqvCko8fr9kLTcgiY,ladybug45
18Ur8K34WLHJJZD6eh262oe8x4PkWSySDb,Beefsock
18V6KLq8JWpJfXN4uLG78vmsQvp6am8AQK,kinlo
18Wnjc1fcWDboZDHNsn48URtwGaqRjPnAt,fabianb
18X5MqCYNcT2b7Yjed2wbvAWjxU1atPuYg,dparrish
18YizHAtiPxjwyoMC1xyLy4HH2Twqobaph,enikesha
18Z3788mCg3HaLgEqtxXuAn5v1UVKfnQcu,xenodata
18bWjYBd82sUEDwE1QRcFFn1oyEqm3Qk4J,databits
18eyLJkQHdai4G2mLfmZV528YKVYPruJ5o,barrytaylor42
18ggZ5pD9wkKxxDd1eeiscSiY4MSXH2WFA,godzilla123
18igvwgCNE2agrotB9DjbZxn2rrGUX19xi,newbit
18jjipBzKnM83Bj1F6vXMNh7e2MgLYwghU,smartperson
18nWH5Lc4k7mXCwsofYXtHFowzWpL985wp,hnz
18oBYkLnv7LcXae6NLk8R7RdYiE8USJe3f,dragonx
18oBi9jdLXrRXzmcxVitdJkKH2QFNrRwSK,kintoll
18ot3p4159YgdbAWCjeL9CJhLUR5CiQKXq,eroot
18qGmPnYhNBWLVZkAcFgr1e5mN6Eg1QHKD,mb300sd
18qYgfJWRiYLLnmqGvKoqiCQMPRPsoZ6F7,nocomply2
18qtzqNvYtfho1n3Fxm9dSmzkbUrVicMcn,worzel
18r18952M5TTF2zRpe8yXGmvGuVjmxyTdi,seco
18r9Emgv1Nz71Ftqmn4UzmBBiZWyTb8RZa,ebereon
18sMpqQM5MfwqviQVtumJqHSWXpdWeksv9,eradliu
18t6wyfmRJBNSFLrna5PAA6dZhE2VEvuiT,v0lt4n
18uFYChiu2j3rGr3VE7avKjW5LatpwDUor,Grable
18wKkhK6gFM27MvPtqPCVjksPnPfzDV4cy,Xesickle
18wYg5F1hScTDG3oDodQsrFyqT869hCCwC,thenice
18yNJxeNth5Ty7RnNzwbBD7qrwvAfHiVjh,loki007
18yrW4nF21u8VDFh2YC7W85N41SWqhmfUw,DonWalker
1927oaHjd6QKyFUWGRnx3sMWSmktrDdzto,luke-jr
194cvghyXhBTD9D7aRzk7XxxNCtWxtoaDj,Macenka
195SvkGp3WNqqqEp1pqw8PGPegpbrMcu84,saro
195uMcZimXKcpN4zTNRtqKWfJ9doWSjQ4U,drivehq1234
196o93CeZZgb8KxsqdSCLE6EMN5V4nycqa,buuu
198NoEPmezjjc4SRm2UzAQxdNHRahYjxCn,bin-bash
199tjskvmsbPQskvZb6tFSMnayPT191TZh,lappalicious
19B9djCXosH62AhC73x7GpyJjTbY79tVG6,kalligator
19CptTyb7dZbo9RmfcVseaqkvoU52mTZMn,dlink
19Cx4dymnxRS9NFpgEbywNvUeFKGoJpbgD,Azarius
19FWJJMsqpzzWibnDurNsd6rAcE5qMULFL,anexsia
19Fj1GCpPpwVozyrDoAmdwRHBzyqLChbwu,packt
19GnS8n4uiKhhLsHJUtk8GR7pPZ6y4dyjZ,mosth4ted
19KeZhZVGczH34jJKAo5YT8ADBinXwZ7yN,rootbit
19KjbH8xkoxYMzYRx4wobsRFanagaAwiVm,Phoebus
19LDhWVn7QWyRMwkpy7CZR81z9LEvkeQSg,luigi
19MfMT8yGN4AHS112SPsqyrUyFxPgH1GSN,btclownz
19Q2YPMJFismmBvVTS8YLvWbds53PsG4X,Crontaur
19TK8iJ75qvJbqudvpNGf19GXCEvh76Drc,TheGent
19Taz3JDQJYYJLAHajR8bEqJjLDr7d7b8k,Ykstort
19WeeWbTqpN973c8pf5Buha5GxCH29zMuT,yolo_
19aWSENoLjMibCuc6zkG9j7L5sbBkxfHay,Majorskold
19bCbQ3NH77oxL73QLY3HV1pLhy7Cu7noP,Louis11
19bCowZX4kTpE3dirPY1kTDDRvZ1px3ZR9,JackExEck
19csAKNMoEU4wvQtdEY7oJ8oXz4MP1yreT,george8237
19hJcuZUDBYHg8gXpyLFHjj4SGG9ZyBDhg,TDJACR
19hLaU4hmd3kTWLscB7PtiP9aEhiMsnjEN,longharp
19iZaxRMbJ7sqwjTeGnpcX7wXLg4MZHBdc,bb1432
19jh4CbMPfsiXzEEUdvEYPoXcTshSBXPr9,paco_
19muEP8JrPRSVbF1gzCtznttyASB9BxN4G,psychedelicrcpan
19nVY86e7BzkMa37VYnGuasiPa5gueQqLU,gskspurs
19oe7GAZcARBtSdACv2Fp79PbArEvGqBhj,Arena
19pxhsZgHLkorfd2pKCTFBDeLrwAhe8Jw8,lexszero
19tn9xjmuKqCSqLTmgEHVHywyhbEMBMs4J,evoo1
19vux1w3MLG3DwbMgyDB4cMgPhwB5JqRhB,ph3n0
1A2EQNg4LHwf7txjZujYyjYojNThaLuvLX,RadCoin
1A2jKVPevejQ1Emde5wV1fb8sVkPb6PPAq,Squid
1A3Ma6DwbTZYR914PdfgpCUVP5bWdEp8te,Hasimir
1A3teK4g2yCnU6yRNyGtLTvRL4yDbeaQLN,ittybitty
1A6E7wK7GWmowK5cSzxoc3bWwjtyfuAPFQ,SZBitcoin
1A6dNCZuZj9UzJXUmmt7J2TL8xp2KapJJ9,computererds
1A7eBvEjx4kncHWcMQPzvtcipg9kFk7mSw,Stockmos
1A7uzjMQPg1TZ14cBuJHgkjbm4zZAftefY,thebitcoinfox
1A9gMp48yJQqHEFXoDBsFDE5Q18TrTa7qP,CharlieF
1ABrRekzsVHuBfhUKfRpGvQFxqtVaNUTHL,ivan12
1ACHmR5iXNQsTVrCMGFg8ChQLDYCR9PAFw,SISUbtcX
1ACSP3vc2S5NHRFcoteGFDDS32rsFyByg4,Daeken
1ADZYhYZu1epmsZUAUa2fZ299p7xwVJ46k,sgornick
1ADjW8CiyFsGVxVPFE5gCWa2fKXgPt7BxZ,lemgroid
1ALjxNGbwDcF12Jq5AeKsfgqfQNZmwEgTj,LibertiORDeth
1AMGw2CAAX5SU8GVgVuUe46mPFMcHi63di,elenirn
1APn6NLaUUHR2w1iXYEMzeTcx3DpP4C3V6,BitMiner
1APuGk36J1bynFbRs4dGKannxBXQ7FcQmr,soup
1AQmTT9tw4dgsQ6o3N7UbMcVye6fS5KSZQ,norganna
1ARh1bJtHHwFT8ztz9ZtsqvDX5xPktKzjw,quaskx
1AVuWC7b6L2WGTz4LserUZA7xkyRyLyeEK,columbia
1AWqt3e8nAea5g8iL3oMcj3zoGsQnKh4pD,maximian
1AXMtPmibcaiZ2nJcZsFt6XeyDDZQHBSV,tripled3
1AYjdSmPMb8vzfzwGrZFACiKRG7LFr4uFz,domino
1AYssPD6trbwk8brnY1ot1TEmKpKscreZd,Zenchess
1AaJ9YkhQurewajQHPnfZMbAwTqgsDqbRh,neferkahor
1AbCrqMVoWR8uv6H8gfJc9DY5jjZ2wTreT,darknessx
1AbD8WQ2F3MJBmsjudmj7Hot2cbmoTdLEq,ctj
1AcwL9XFvMXJ6QQN6FYwTn4ZbqcEuGr3v5,Dreary
1AdmDT6BzTBAU6MmDVRbErstDeu1Lp3DZM,whosist
1AevnUxC34yEtPQiZhTwsw1Qv6s4uoxjuQ,ni3
1AfR3LojXAftSECm1CZ5zD2HaJrgdeJDF6,nanook7
1AghVDwg9WdnFZH4etcBDGmUUV2fd4dca3,funguy10
1AhfHdtsdiU1ZdojSkyeEeZBZiy4C3WN4A,grapevine
1AjhijUdBVVvWBhzdLt2CV65rxjxj1y6Jq,semperferox
1Ajx9sbnZFqqMMi7RwK7TcV6AJqx63WxkP,knight-btc
1AkTV1iJq6qbsoMECBmPARYPVsemPhW4mJ,weaseldust
1Anduck6bsXBXH7fPHzePJSXdC9AEsRmt4,Anduck
1Ao1cjsnbA3ogSHSoL5hkSNbuCAJNaHDdv,komatic2
1Ao39REbekjxYoU3ZxsAm5iy4ZWA7LYZH,fervex
1ApXyJ15dCDbH8rWieGc9tdAJFaz63fFcF,aiphix
1Apnr86abBHVqo2uvXE3J6x4PBd4rxkcDr,Scuzzball
1AraNVAzuCJy3pFC3H1WjU5MidncqZpKWs,alezakos
1As7k9MSuu5JwHr5qZrNibCmGVMHUrRpcN,gwern
1At82WWbtqpSjCNro2KQDmTW7JtrBbWpz8,null_radix
1AtREqZNz1j5dwHVMefu2et7CcCUk1CVVD,bitcoinbob
1AuS36j4s5Mb3frNjx5TawQ23JtgWfZ2EF,dubz
1Aw9rgppqPA6JA7yMmAKKiqEtjgEfd6AyQ,paci
1AwbR5HeqjtyiXMSNuxSN3tc2R6hEUzWyB,Mike12421
1AwxdgLaQSGpqbzf7vKjQoFyUfhP2Zq5xR,ChuckNassty
1AzrAKwUjRuDef9zq2LjQm3juCrfzAxjuC,MiningBuddy
1B1TcoiNJA46zUj1VdgQ5vNVXzfz6xzPSW,willphase
1B2VJkfVHESxncVn14NYKXZNqJsjJmMHj6,dragonballz
1B36jbPnDktm5if2G4dfmnpdmoAXHWmFLS,aq83
1B3aUq1ShdqjSsiUsjf56XUCKPtFq3iip3,theninjaway
1B45cg6ZhdmnBUzTrME6oaDeB35eHLGRd1,Karmaon
1B4FyQDrXGP9iahnR4isTn7MW7RURAtk1v,ecozap
1B4hbgFYgipnfo9cQGiyr2zchN3ToZSV4S,deepimpact
1B59CsPkGyqy1nRUSpxGf45uRPkW6Ht7io,rhettigan
1B5CD4EVxyTTw3Vxmi7sRNjgWSNJjGdeHU,TheEther
1B5SFgPBSXv1YTjTvjX564g2ecBPzKNWFm,serp
1B5hb2QSvDT1rWjVja57DE52ZswnRAqUuM,qnm
1B5v9XzuE8BeNfnKuQAcbYNB2BKgos1ojU,nmengnr
1B6TsgvwB1rXW3AxYrbs4CmdcoAweDYEKW,GammaGaze
1B7S3g8L6uLcsjjvciu6BArmHohqE83xCV,LuckyDucky
1B82QHpLbZDgjkur3k2mQ2pTfZqua4WQQe,misbahkhan
1B877v9NgcpLnZwPDthEonCR39Jxnp5LPk,Synaps3
1B8SHFK2w6Akgq3nQQaSe3p8bcrXvighdP,AAP-
1B8wDAY1VpYarG4KEf9kVCj3anBTawHjRq,Satoshistute
1BADbiTm5tYusZu9yKzYBTt4SQAN7gmez6,badbitcoin
1BAdzvknPux2zqG2eNawvgitCW1aqwE4bb,Eegnylot
1BBQQM1HAW2Vo9t8gtRSQk6hen6zqC79FL,deviousx
1BC8TtPNu52H7yq1X4pex6KE2iqZjALJ7v,eskgiest
1BCYYYqaeKWfybcJHq7tZ3NwpGsZNFEoJB,Ovidius
1BDNTD8db6HwwZEJJRWhFUae2ET6qsTn1p,zenpotter
1BDwTXrrmCgHzcevmkWV4VaZRuDsHcdMQC,rgenito
1BESccbMmepeB1frDjk62fzMzYffCVDshL,Kingkatari
1BFNcfPC3RNefzZwHEP2aJij4AN2y2pqM7,gonedigit
1BFTRLP2fr3JX6ViwnhFJekqmFhWeMqLBn,goldenLucre
1BGEyBM99C1JcrCiJVbQabYm4oNNd8H4S6,PochiRaccoon
1BGUAeSWJkZGLigQWiHeeU7XCktg1oWZYC,xxmdrmdxx
1BGZgAXjdqKkBJbERa8UxUXYuFKm4Jdvzw,bagazaga
1BHYPyMVhqu8VCSTxeZcftfLxLASjSif28,nosebleed
1BHiGJa2W6TgyAiqJnjtb6eKevqqbgqsTN,btcrazy
1BJk7piruuUFyLAAJJFF9Pr8AmV1vTxncd,chauvesouris
1BMZ7pym2MjWtT2sBgaJzDSF18ja5yPoB7,KillebrewC
1BMjWqNkLAQHExAJFuJJJCuMfYcyQ88LU4,captpower
1BMrDBYPtEEmYybPk1bj9BcPHk67rfetNU,witchhunter
1BPCQJdHt4RPgZZxo5fnbU8UctKdgXN3ip,opi42233k
1BPe3d5Lhpkfkrn1MGbT14nPkBLiz23eP9,mvrak
1BSkUy1Xqc2qL8c3kimQrz5a2hKUhNjNxo,mhsr
1BW91k1m1y2FEtiFpmw6TUSQgBpatfw7B3,decatur
1BWF66DuVqBCSFksUgkLtdYmHucpBgPmVm,wyager
1BaMCeuL4RB8kjZWenThB374vYQW5TbJMj,upstream
1Bc4DhmXRvUyeuwpVDxh8v6ZL2aT97TUb4,mistersushi
1BcGLYvtLT5RQhsnPcpfMmjDpenfMuHB1h,TalkNtextUl
1BeirdoV8gaD3o6GaSW5MqAHHiMcsZkpPi,Beirdo
1BekNv7ezkx8eAjdkrUta2BTp9bbxU9LGG,pigeons
1BfB4ZM622LajLo95Eo543QvkmvA8xiX7k,naqutramas
1BfPurMtZoeCKAV8rSC2zQvxqz9dn7KhrC,markk2125
1BftiYXMcX1imbDHWzoR3BCai4C27Kfs4,coinnut
1Bg3TCH1YM1WHiixjDVskPxbS97KMGE4te,cmelbye
1BgUt5hjFRyjA3wFjMprTjDgMcLePBzqSt,thescarab
1Bggn3V2orXi53HCBaVhUThoybLUZY4NXa,ataranlen
1BhQYKbu7ZvpKkpS8YCfqKcnsdQuHHuz6h,slybootz
1BitsG13wubXrXA1mmUGC4PN5MsUD8ULVZ,bits
1BjEp7xdP5ZvXeNM8UfWZpc97LLdVxMYcM,indrek
1BkkBzuPZGDwt7CTHtzWeB7CpPHbdCawKc,BkkCoins
1Bkkffo5wkWrT8yWJrXZW3zNnhbtM1onwi,topher
1BmGy2psjnR3fXtvUL8Nix2285wNM7j6J6,tehfyre
1BmucWRA1Uvn3AeLGpj5q1n6weGHe3PTMu,brs3rk
1BoQ4jiMLR2JFQb3EYvpqtp63vSqD6xXkh,maple
1BowRFFdcKk1Sy44xbZiqQfDJCwtvJgaN3,epiks
1BpTfrZfApGQaLe6GAdoAr9Ah5XZc95gYD,kt5000
1BrJdyQgiuhgShSAFoDoiHVFxLhys3V4oS,michalexpromo
1BsyG1JpamCcRZPBiUhRWuqfDeXU5Ky8zV,joelax
1ByQxD4cBgBgox7cCJmKqJ2dKd4S3CTL6,defekt
1C2yT3AtG9TpYvSKNKraqfFKAkFtUD7aAS,dmn001
1C4FHXLJNzH5j5zhG6tF7cJ3pvPpkSAGWe,dorstamo
1C4sBU57PmWR1ftY5G84VDK6tyXLcX7MuL,evilfix
1C4zMBfw1gYCN1HWhRV8sfjpJksgWtPS1b,KintaroBC
1C53H6xerBpCiNZKjAcUppRPLyDcikBToM,kromul
1C5ArBZAZq4wzLHcdRyykxHxGPg56tmUgg,bitzero
1C6DSD4DiPXdjV2NLMwL9vYZpyUSvKCnQn,DrakinXL
1C7TTsf33oLHtvnZsT8EnnoGVKNwB9p7NV,darkguyy
1C7Y1vopeDLoKoTERkFtEp942zfDf9xK2w,tittup_shell
1C94rZYzhTf5RNbATBvwa9LX9SQET5onA1,nothins
1CBCdLxouHChRFmYANquNvvYcoJnM29e5j,bitcoin5411
1CBphSdoP2gixtjNs39VypY32LZnEW3BpF,swagmeister
1CC1czStqXhohnXyGVJdjs46noNW96cPVy,makomk
1CDLB5cL5gDRoENoo7QwzPjWbPrnbTxyNx,makeway
1CDXkTvasZGKtouJcLFBVSQ4t1LygyLD5q,pg62
1CDersDEvL4D4nx58K1ZHY5VwSV2vzDcoF,nEwC
1CDsLLaEw3GkKt3eWwGGe57X6n5nJLqR9m,aether0
1CEZinUXk8BP4VC1y1oNBedkisVAjhz9S4,_jesus_
1CFJjde6kE621xeXMoCUBRUapgpbNVRmbR,Blackthorn
1CM5hB8JLbPjxgNtkcjS1DYhNx8GAASKdg,derbaron
1CMDDhAgpmwXKB8RcgJHfeUPtHdGbQE4iA,BTC934
1CMZyTdFrtPevj3mKQksKtro4SbJ1Fo1UA,mikong
1CRmE1xhexUPqauk7CZnTakYNeyfy4weBM,rick123
1CRn5j8rJL3QNjXDCoF1ZWZop13YjUgPBp,citra
1CS1G3f1DhYtUSFw9MLzVwR5ZohdrRX3ip,liamwli
1CSkTi7z5dtpHnqTx4Kpx665BYk4WE8fC5,legitnick
1CUKzfRarQBUZ5BhUDExGzHDDQ2wERrMHH,zcopley
1CUtzR57bjrccBCHAWd4XGHRKhAoVEu9FN,Relative8
1CVo5cmVeYdUcMKjLtbAT3pfVj7yHZErpY,parvulus
1CXJFLTUc1Z1DuvhuSce6P1VtjcXursbzq,osok
1CXZjtiH1eSs5mtddhGhK7wQUAivXut4mt,CODERsp
1CZXjPTAGU5yqD9yX9aKZJxViMrPnViwev,bdiu
1Ca3CeQrrMQP9wLZtKBmsRnpATd47cTT91,stackingbitcoins
1Cb2tfMtYTqwKNtSshSkv3uoJpF9U2bV3j,swiley
1CbPZfJQcbUaeKUrfnMNeZXJaoANrNNPHi,knokturnl
1Cbn224UpGy8NfHfK7yAmAVt9hSndLkYBe,Slawter
1CcRyyKviMxntN3E3QQ9sdBgAJDvGsvDoW,mrLobster
1Ce3pmT1FEHbSJqcTnigEbZej9DV1rfTKA,psidrome
1Ce9PkhNjSn61WsfMQo7BzKNoAnEKz6Xrs,addeast
1CgzVgFe8o5nSAHZgDB8UDjc2ZM1Ff8QiV,AMKR
1ChSyACfPE9XjKwiVFFG5nzpch4AcAUJVb,prime
1CiBiYKDw2frdMSq1ZmN13SmmTb91h3H3P,hiland
1CicfFpMQHcDQBo67Et4sRXRGyYFSpeX3q,dpifke
1Cn6PU7UueawaJxTn9tg7sMirBGkCE9u7h,bruiser99
1CnXju3K3fUKtY3XTUBJftYkZxayhijcbc,eXclusive
1CpHAmw5CwtYTKPLwntvAMdHBpLGXACAhq,MCM-Mike
1CphdXzY9MFuQBSLf4ELwyByWiS9eeYWTq,simmoi
1Cqu4KESBcxDi1Nfue2w9Qbm3vZSYybpRK,Acolyte
1CqyNQbHvYpuNJBgjU9VUwvGsGyYTkUmx1,doda4all
1CtRyYSimPtzdA77yANq6rUR8iRcKPnYwn,Sonarman
1CuF7pB5MNHZo5nTq9DFobxnTi9k7BnbYW,moartr4dez
1CuYondJX1gv7j2VEt5oDmNRzkFcdinHdz,lusetastic
1CvMnDbzqkU6nPxUhfZVXPkusUgonkdrYD,ciph
1CxUEwBT9bDF3YC6sHz4DNbvsG2bmKNXGv,bengl
1CyfThu1GkAJdJfAhUhvfKbLa5y6fZf36i,merr
1CzQ2uDkb2CYCckemCkYQ3AqjGEtPsAgwZ,deego
1CzyTCWqku4RNdvKbnWpQJBZBRttvbWyuS,theThirdMan
1D24CVnjGNXzWqmHPij9J7JNciKMQWknbt,sleepingbrain
1D2MgbWrLFqKY76Qd7J5tChbYYfEswwJ36,ak102
1D2sUHV8XErRr5kzpiMXCRmti79LjvPMFL,mannkind
1D3XV6RSp7toN1c57SU9DRdf89xT2WpuCg,TheShadowFog
1D4JceYPrrDeHA9gZQP4DZY5FbKxiankkp,yEaRZerO
1D52h5FkAmkzA1sVybxMsjXRh4VqqLb6YN,barrytaylor32
1D53H3ZPUHyoFZ5GM3NeccPKzEvaj1avBM,jammy
1D5FVB34bg1rn9WbLXzQgqBeckMKjKLWzF,natheryan
1D5PkHaJdJg8huYFenV6xjvirUfr7TUKDA,nunez
1D651kzszthXXK7RdhwMYZ56a3qWeHGRWC,azwald
1D7ZD5ExukZCVMA6Df947wVNe5Yecxsvkf,overlord
1D8AMdg7WanBUUegrzjdmWgU74mmPKTWMF,stcupp
1D9CMtvVAyrCXiJacse5P72AzFnvipCzjr,Chenzw
1D9LFc6sJcQswHtwMMKiRZXfzRX97XNQVX,dstruct2k
1DBYNDxfwwboWoYQAB7AiCt7WBpxZedpLt,ccliu
1DDBUFxU1nZsBmnQXNN9x7wkuhhEvvpRzv,Enigma81
1DE7oRjMUkUobt1uw5GCs2CwznySz9gFEt,danishganj
1DFfX7dfpHokaP5pzNm9ue4w17nCrw1FV7,DutchBrat
1DKiEFDg5xC381p971iSbKsiUzX6f7iMfx,ak13woz
1DLWGWQTsw4ZADeanynm8t3Pu4QS2Kv6jf,nokru
1DLmEnM2UL9Ji1zsWwGmcBoeywnfF1Ar8E,foxxysgirl
1DMbnfxtx23vyMMq2BPZ9bjQfa5ub93am1,wafflebear937
1DTWPS131MYkXVA1icG2VfWR9MU9F6DMmg,overdone
1DTsTLKzyYkW6TyuDgbtNYe6dUQGfW5xVq,_pelle
1DUongN1W2RLLcrHFwgFYfk8PmWe2AkuwQ,psm
1DVmqiahSWYjx1cHfWwEYsQbRAJXSgqMzL,PirateHatForTea
1DYRGVPgCvsTZFYvkFLuBnpxTsxrtzmNHj,KaoticS
1DYSYK7FLKmT7ZdWYerDfBVc7WBNSP27fP,DreaMNauT
1DYVwy7Ru7fJ8HwwoL5VHTUR5jCWG38JPk,grubles
1DZEmARh7JuhAEZogpGCfYvEaLUNhSihLw,tetrisx
1DaDXdazHoXQdiowkEzxhPGDyyGNsM29uL,heretobarter
1DakB5b3kDNUcvxfs4VBnqgMgJM9XTb23r,S0ld24rX
1DannyEt9d9uzC6wH8SmFoqL2NPBf5kqYA,Konichua
1Dbk9RSMXLAvAga1V4NzJBx5GRAY6Dng1Q,cryptics
1Dc4Y3QvaqJ1SVNDGmKYTRRYvA1gdkBcYK,ZuonKing
1Dc4ZCXAoDU7rdSNfukaCQY32PEcESWam3,Papina
1DeCbjUejTzUHWorCw3Mh8eVj9HCnSrFLR,ttryan
1DfNj5XL8QpX4hPzbadkaV4Z28oBvSa3Dq,ashm086
1DfWQxADhoYis5fsZj8vWdbhMe3MHv7cn6,chmod755
1DfZB32qiXqmTpGC25psyFQcf3d5auQFpA,henkb52
1Dguwr6aWmhxAGQ4NwshCJm25Ro8bBRRs9,mightydoosh
1Dhbx8kqUoPQn8FcFBWhqD2nzwjtkhwSXu,robbyb
1DhcvrQTBZ2fo9WTon6roQDJSNkNhFpuQM,pingblaha28
1DiBL862tsJhBur3G5rSBdFDPaPqC5xjsA,killerbunny2
1DjrdvxdW58FbM7D3CdqFkXfHSanFcroTk,dogshu
1DkCZxXgRBrZeMk2NkjGFG5nmFtDCvB9bs,deafboy
1DmG1CCojUfYEMuxuNnAhjRkCFnUCxW4r3,overlord990627
1Doog7asLrYah3yeUppBVj8nUYnFkmXm2N,dooglus
1Dt8P1pPsXRG7G8qPaUPdzammP8w1BgVF1,runlinux
1DtkYNH3tQWD3mTke4RSrKAD8wMVGpBDa8,Rumple
1DuGhXB9Gbq2fPemdpmZHHjUuNs9aSvAtg,fogdamnit
1DvWY6LaKJSYSptDoMfCn2Hb7inQ1D8Ld9,glassuser
1Dw9AUUp3K2TbLRphXivixDwwBS4cFyuiz,ladybug43
1DxD4VPvXKZhHUAzbhd6R8oCCBnKYAbTwC,hiccup
1Dy3Ds6vi1UC9Y5xxpy495xSXLb2zZk4nH,RicRock
1Dy9MEhH71RqATQMckAhMonk2c5vFu13Bo,AJM
1E3tNTEccFeECBLQ3W5mxaGVY6X3tpxZju,Ratief
1E5KqgbeHuUCnZgdKnzJUzrYDoxM5D6McZ,t0w8475
1E7F4VBjUnbJQeAYb4rPwSBBpUfjxcGmBU,McFish
1E7FYiUFvTchbqdPqkaefr6BwUSojcp81f,pershen
1E7s6QmozN2bWdqeU3TeYCtx6EojV6ruaM,akahs
1E8RhgieX7tTPMvrGo4QcMygMVeBpyFFNm,damnbbb
1E9Jp2Ez5nTwLudLs7a1ZnCBKiESqThZtd,JyZyXEL
1E9ZytovECwDvsECEdrLwgtbeLtY2NUchx,eagleapex
1EAPwL7LupJWf7EQigTHYTyP38L7W9uCr8,LRP
1EB4Y5gnUUCvX8aKYeTuMYsT9LxXisWu52,Serenata
1ECQFtUYHHxFq9ocMinZ8iJxoXhX8wePpg,hrmns
1ECfresuzTczj1ffbSvWvdW5ErwbHuqJQv,godefrid
1EEU6SgfjdmNLtptnMdALgbfCeW7XSTarM,pacificbell
1EJtuwfN4FZRC5MDy6ZhpB4FiT4M3eKAEs,anopti
1EKAqWnpHy46eAxcyVf4f9fSmKo3QYiupf,uzyn
1ENfWxDSpwatCsXVqunWJivP6PoRGL2tf9,JuggaloJoe
1ESa1wnXtD92CnVPMjFXvggMfRjY3PTxor,GhostApoc
1EWhvHvVXzxz9RAxHgjZ8fErLrHmsxnPbs,shagga
1EXru3goYrQMi8UsvuBvzyjH3VqyNCuPUQ,Jiffy
1EYLP5fPSbDLuybwePJ3PqqaojRdetYSNy,Belkaar
1EZ7rq8hUr6DSEtWSJTYdSoE7cYPwZnVQv,Rory_
1EZRntn1AHzpSyQyEFw7j1adr6vUYU7WVu,Thirdphaze
1EaskF7D2NWSABjW4Jd17jcoGsAaKRKUAa,airwolf420h
1EbTDgN4ENcwTUiqkyy1Dvxh3cgG7ZiWLc,mindphase
1EbdqJA97AgHm1DJuTS2DsuRwNNzPCiUnF,denonomia
1EcysP9UmvyW1zdD75noVdb8BVaRA7ZC8h,starsoccer
1EetBZrwQPPgDT5wm3HXqS4ZFStqKvSEez,integrity
1EgSS7uiGPQ4JbhRE9rvS6chn4gsQEp4oh,StrayBrake1
1EjuJ8DxGC6t1M1bq98WVL9PQi72XYoT1,in4btc
1EkRbE33yCDAiT2AeH97sxVofKDVsZN5fc,HappMacDonald
1EpAGK3DXD57b8JbPpnenusKHzh32RZ282,RatherBeLucky
1EponqCpZf7xUfxzUENHHbowYpZmMm2qef,jayessle
1Eq9kyE4YzWK6LNWCcN3yKK94LKwY7L5SQ,Shpindel
1Er2fQhE2nBpCVrMJm6VNxZZAMdWevu8T7,PayPal
1ErEEgxAcbqhbZpne7AMjj5nSwnMMDccQX,cyanidehappiness
1ErtW2MhTk8WgRd7BURAA2eyfBpxvdWJ5x,syncer
1Es4dCurqKxNSqK5W8Adb8WKTbrvKrDdQZ,bendiken
1EtU8vTtqfVFBpkRzxnoRU1ELCQsvo5YnF,neverbtc
1EtbEcYJ7M9LAoqh96WU99knT5B5gMTsgt,forez84
1EtfSJf1uhK3xrgwJd752xQLFNajKywXHV,ppiarsky
1EvLWwTQUs7ncDd28xw2h6WGotyajcBLGp,Benson_
1Ew6pTerezayhQNkVZKqVgvt2jWNoKKaEd,Cory
1Ew7fpw24VG3qhE8xAPk9TMJ5ocYSJXGdB,coyne1981
1EwCbtZfkkZQV5RRQJ54iP5hnqWYCJ4bA3,Rlx
1EwKvvRsUzHcPoLidxcZ611hGwYFTJVWUj,light-tc
1EwWA2g65CQ4sVffY5NKgcTAJxVNSDrGkF,chsados
1Ey3TySmVczxGqHxmrn74LBu9ABEEvpnsw,aperson444
1EyZAr4smrQ5ni4opVgk1EVpVVb94HiCHr,mips
1EzXL7SiLPSTnhsv2C8s118DMceFadjoxk,stkr25
1F1LrYeRbEz25HJiJosZ7v3k6cPsnkFTyi,MAINACCOUNT2
1F1TtVbN37VFujiaxoeks3XdgtH2XdWLyd,Eszett
1F4eQ1ewthWRFFXTsQQpSq9znBAmEXv2zS,Methylparaben154
1F55fuhTkpFqwmpbmjwDNbJFXC2gnuK5AX,Misterels
1F6japiupoWYdaf3CFbHQggX5C1gaTgjoT,fantabulous
1F6nWYKH4rRTcKw48GL55cBFKQjteChxVi,eleventwelfths
1F7JGJkJfZH67wYcDuBaHkYeEH6Eu9Dghw,PlotCitizen
1F88tjiiveRCrd9dxv9As9v1AgL6WSbpmp,lucas-
1F8kZAuJtjTRBwnbqDbYssT7KVWQNCNoea,craig1337h
1F9ik2U5oFBCY2xESXuHpNBEizmoC9ffJd,wondercow11
1F9vgUY7eDHrasJszGAKEMSrWjDsTdHCbP,Pois0n
1FEEx7Qd7jgNuuWAaNqjCck7tYyLEchJ7y,germanomosconi
1FFF41TiEtELnYjWXGU35tEDfDrSKC6ZC2,rickystevey
1FG9rff1vFqJJYVdFzdB1bSQTW1NScvN7y,CloudyDaze
1FHmvJee6GRJqfWUAg7Gib9aypBPkZmer6,scrybe
1FJMwpeLLJju9nKBxwttzgo7PHMUa8b33D,Rennyn
1FJeLc63YD91NZT9gFjC3dd99RVA2qW3yA,SELLINGLINDENS
1FK2uWj9Jusr1vKgPbmd7AHtP5d71zkCV2,NWCoins
1FLWLCAFWzDauX3dxj9bYeV8wf85ZWHa9D,runaways
1FMbUJ3pHEMMtyPsquQA29BTVkzHAML9jL,Wilt
1FMoi892mZKFXd88jYJFhRDGe2gvGUXDfy,progresso
1FNsyH6KpRShd1YEgdhK55oqpcN9jdsPS2,kgbjoe
1FQXWzhYNAHqBWpM3mFqA698ve3LgUBzVJ,toofast4you
1FRVo1qgJJJf8mWmaT2bKkjvHiHD96H5zb,lunchboxelby
1FRsUy8AbuvkQjEiMWXSrs3v41JtFecS8z,penelopeband
1FT12Z85HLzJDYzoVTVuKcA2GvDxwuaZd4,c4ptotc
1FVXb9f5xc7gNTCcLuZLAVCvHjoRGqys6F,LuaKT
1FWwEbSf2x3vqjRKRbv1k4m6AMVR3QCB8S,craigjones2222
1FWzpqXomYxunGCSCdUW8QpXR3iD9t7xQJ,jguest
1FZ8QFZhXf3ALb1RGmhmXLwg9ExrPtfCEs,Snorlaxx
1FZTKgwjCGLbmFA8PbUTf4WR57P7JK2P6P,Omnifarious
1FZthZgTgVgdrhMMA6NXkocXWpWaPgDLXu,Alecww
1FcLLGtuAJRUW9Y2YJwAccmytnQc8PMPGr,GlooBoy
1Fd24SCvdhmePEeGaaBUfztGBDW2AEZEhj,dreamwatcher
1FeZXDcxSzdfCN1Svz8CSX5PbJDh2neaNT,riX2000
1Ff2ifA7ydMeHPLskbszWmBzDQC8Dsb1is,mariosal
1Fgd6dQB2Nc1CSYr3XictTHjLGYc6HU5GM,yossarian2000
1FgrXmiZiKwP15kWpeac3oCSs6sxkqN3FJ,n0mad
1Fh55vjPnHuynCaYr3vWV9JxEYhJvm74MP,efex85
1FhTfHZ9Jm1fsjySM2pAVNvUWisYdsCraz,taypeinternational
1FhV5d4Az4MLD5sSyRQeGBCmtbhnyQTFd2,snowballs
1FiXx5t3tYokh28WfPNgTQxKgnH96wiQba,FiXx5t
1Fio5JoE6JVdZ1XUsns5Yqe5L2FjoLj4xg,dotslash
1FjD6krC9sXhr9vCnFeFZUdUwUuYVN1mur,newby
1FjN62Qn7CZtshyQ2sqPmk4njgJb7zvsrU,micahnyne
1FjyKqbZfrfa9E6UhyPW2jLiZnjF5uJEJe,obmarg
1Fmkt6CYms78KRfYdss7jFqdf2D9b3MvAY,shelbie
1FnCPWSPjPWRRb1p7wGaaxV7JgCxaBNgqW,tehdigs
1FofjmdQAwm1HMmZPakZgDVEnygNkg2iE1,Vikj
1FreenodeMrq7gKn91wR4meJKEbi9RNa8M,rjk
1FsSvcbux4fkwWd3oY4hbY5QXkpFiKPGaX,Thessem
1Ft62t8xdxZkf4FfTLFrMvvHfT5ErZfyYC,Trake
1Ft8GdsyQid8P2aSrKN1qZuSNi24x8x2fs,jarubau
1FtJ7iF9zYCks6WJiguoCTvF9HzPavUvgc,WikileaksDude
1Fw5EtNFsLBhyQsYi8EUcGo5hGtGhfnR8f,jordan23
1FwQNDb1xUUxKG73fpRqq4HY1o9BmeCuhq,sshcl
1G1uWDQSExTQXib153kpfiMtixtY4quAxV,Soarp
1G2Adj476qsYGjxa5oePA8mz1odmj7dAPE,DarkBE
1G2spDYyEd1e4tnLdQ5SNB8WQibCSawg6G,komododragon
1G3R6eo4PYM3ZHRyKJofqo9ZJwRswzk3PR,DeaDTerra
1G3SvUoJr8rt7oxxM4DqY6kYxmnyQu34QT,baller
1G6oPnyi6ry1m8fjK5Fo7HaN8s9X6v4HkY,jsmoothbtc
1G716zvM23UxngKZJvFtAZUnetcXJNufjn,GrammatonCleric
1G9gZokKjYfG8saeMutcyDDnjSfkm1xaE9,B3NJAMIN
1GBMbx6chhAG6reZt62K289RdphaAJx3hB,optimator
1GBqJ6VUpK3sbhswA5WpHJVmoo7zyyYdmn,showard
1GCCRub5GskJecCHVdd3wjA7uYRgo34Yfr,tehzombro
1GD4zvjPCiwBPuNWp1sfuzmktKtGespBFY,RepairmanJack
1GEEKdUfN1VRbnErFRUWu7xJ6pyFZ9M1FQ,OneUniqueGeek
1GEo6X9cPYsKDSs9C1Zc9CrVT159HzRDnY,bcb
1GHEAcUyYgkHMD5mJeZPj6bTPKJkFBqhzH,lyth0s
1GHzNUV5FW8M1ab8UuwjaDX7eDo1XMXujw,lard007
1GJ5B2YUZ8iRefbiT4urUmeJs6Q2457d9P,BitAurum
1GKUtLdjJXwTXbRKBRMDAfKoBREk1LgbpT,dimpleness
1GLzPPEJxFa6J52a287StaSds3pUuf1QSU,lukethenuke
1GMBRXgLZTL7Xvi9AyRBTtDKYZaDW3DFGx,Honda316
1GPR85jKxcfNGmk5xbsGbrs387Xzc7CGvV,zogbc
1GRfeAwtXv1TiB3pHHYSskFys5s48WVTrM,Scald
1GRomdeSDtKudakr5jFUP4DLQSoeSzvYp5,bladezor
1GT92vd2HnYePWSN2mgbgi9pmfBxeUkdTH,Kashmir5
1GUkyxhbdZVBHigs1NqbP54oEL37mw1Uu3,sneak
1GUruvanCg4gS62XCeD9VbCzJhT1cyn2a3,guruvan
1GY2Mb82KrzaqZYV7QwgJRbExqEA9iFqMw,sanebane
1GZNa9qVhT3R9L6AcZqWMwAC6RJ3kXUfRE,khornate
1Gan81pvNGELzbAJ8DwNWzLoN3PG5qus7L,Snaef98
1Gcbv1CWjbYXHqLT3AEmjds5hSdG91c2zS,NASDAQEnema
1GeB8nwdHu5ykF8CZf8xQ7gQiUQrycyq4S,jamesonwa
1GfjMEygDfuBbQ7vC1R8r5GwmTDjdhLty3,steelman
1GhYNRJxcZ51TtfviDy7ZDjQRD7eFgfm3H,defactomacro
1GhftWasUQKcdYzrmsh3B73MqSxNqVXuwh,Bramz
1GidXJdCVwctyiMfvBtSForUftF9C8urQr,ThePunisher
1GoTV6xGpxd8jdEosaQeHuCThxa3weiHrc,TXBCTrade
1GqzziGuzQ8D74RpQFUJDEbc1dyqfjkb7b,al_pacino
1GrUvfokJXNcE8D3cjoMrExuVpBhceve4J,gruvfunk
1GrWzdR6WpC8i9dDMdPC1zRjpn8hgNRHxa,_CJ_
1GrbF2abzHBVhAa8KCpSR5syuqQ2b1J8dS,throwawayBTC
1Grqcp4cnaeZxcsVGaHfBDuso5SwnCKdgX,kydistiller
1GryprQv9CS76rZsARFE1WDsmDD4kj8Ptv,itarkus
1Gu2KULbvH5gB5Z6jdAHkzEf5DCXUhrr2z,Mqrius
1GuGVhGGANEdAhuMhuw9Uzxh99NHo6ZTVn,Ryanteck
1GufbMruQSu9ZM5FipGxLv3CSpXdvjtkhG,aguy71
1GvS5Kb4cfDvndvTztTiQmFJfR6gAgfqec,havenderp
1GvjspiMWHwTsv2Rk2xUdK7iPH7Kyz68k7,sesom42
1Gxvb4ZkjJuHWcWf4BkDFLT9QCcL3nc8Ji,munkmonkey
1Gz2VT5yK8afhR2WNrTkCwJcEAxddgHJ2t,jimbit
1GzDX7ZNWqxPqUqYdZynz2qpzDnRKjkyfe,GimEEE
1GzEUhNVZPwhQpTbBvDEQe4BkdYDpw7akM,willowbitcoin
1GzNAv1PsKK6kgAFbBAS1W1ZnktDhd5b3R,horseface
1GzmH9mepyj8cjCWTVBHzZgJCynBnDuCr6,angerona
1H1AvLEmFwVXvvTqYfXwjbp5hBqvJQKfMZ,andkore
1H246JhfCdGaieGZbixGPH482RBEtShzZ2,j18904
1H31uizp7GMFqD4aWCmZhjqEidEAuLtsT7,OneEyed
1H4t9PuDMn9tZVKDdD2ngU79UUS69nMPbz,dasher
1H5QptPENgaTPegXUDvyKKfmagxdJ6E9wh,meefozio
1H6KktngKM82XC3r5DFfFD7kREGYYsivUd,pingblaha
1H9SCjfmUn5z1hmK4VotdGtDPGjUN5uzZH,foreverbtc
1HA8ouwksgnS8g74KazHfDPfE6ocjG9Zru,needcoins
1HASs5gHU4EjXRT73kLVnwXsYsHZjnLsqT,Jurnis
1HAcKsR5LcV2WaPiYP8LqotQys4r8mw4m,grazcoin
1HB8gp82PZDWrohjCWhB11aYy4VdTUTj5p,softwareseller
1HCiNRXftAvUtqjoMWyJy2n6hwkYVQy9qG,adamjgmiller
1HEebZ1Z65UxucptSaV23bQEQKe3UD3kJ6,sgnb
1HEnTVUZFYoasKxcuY3hRagwVpEABnpm45,Odio
1HGZrTEdSadoBzbHxM2BfGf4XghKye6ysd,kingnigga
1HGpZ3oseRXCKRFmB6z4zadXai1WUTcBwh,mpanic
1HKtg82sWE8CGVCGGQzMudTLxy4WRcW2PE,qikcoin
1HLTEau7gwitTVEbxeJmUtPUcQJrgc4Ep1,bitfoo
1HNCFDRgNozwodgt23D4WPP6h83XR3QFJv,_5Gigahertz
1HNppSTDswfmfHj5hqTQMKW4x76K2njCag,libertas
1HPJPMUrfgFwJPnbWrWrU3exg1kmi5oeYQ,dss902
1HPWARAvy14LgS32TadjWouSLhj6xsi8eo,k0x
1HPgw3QKtyfLLtqsYZEY8uNFGDwzGg42Ji,djp3
1HQ6ivzVyYMWXKjBSufUkj1WfFEMjymovd,Exzuberant
1HU5ZLVxGoe76x7bL7QV1zEcpJrKMuekoT,Blackasaurus
1HUoxqg7Qocxt7D5ioMN5S3sjkbe26X4ex,yongjhen
1HWC4QB9Lghts8Lw5hq2opaYNTQQZDKCm5,starsocer
1HWXSGVQZ8DWsyrtmKNEVFMUFYwFecHXnu,lilith
1HYVaz2zhH9zWjRhF1RHkv7yihe12G4jJ3,Hawkeye47
1Ha2VqeiSTL7q542PsejaumBkYPz1dBuS5,discord
1HaNMjan4creRNUTezeWQGwGipkuGktyPh,alwaysmining
1HaSchNbFfLF8MJw41QNie7RPePPqdTozb,hsy
1HaUPkxS1FAgVQq3bB4tkoLJgN31mSMo2r,jeffMaroon
1Habp1NZJS8ufsGM1i1w3rXXSHnZACSGbe,same0936
1Had5bBLe8pZ45mL7N5xgVpZiNpC2Z9dB,endless
1HbHJ9b3X5xcSV2fYxDPVv8nG6jqiwB9WP,suitednbooted
1HbfBBE16zj7KQoyEAQi7tniCTPdHL6CgP,TonyFord
1Hcgxcsdu6gPUJzmpNeVdt8d7NxdbMQUz6,jayesse
1HdzXs1XMsLLtgJwmHXZjN98WZCCzmthRc,markwhite
1HeJxA5oTd2tPkofQTqjxN77VmVxQB9bZW,zabba
1HeW1gui41g5HPvXhWt3GoVJ7CaHx5bXsy,T3DE
1Hf5qWZzd2WsrDwLhkykNc4uXPAkykg9PM,imsaguy
1HfXNce5qpFhJo5PNZYsBo6gM2Rot1N7QQ,empedokles
1HfXSbQDfygMCHUr1oqTvTB5QwLM2n9NXX,BitcoinIsrael
1HgvowkPg1TXF7a8GwyR12eQc6CA1AYnBF,crazyblane
1HjQdVanAwaGfw8PMn3yqoW2SkSfi8WSLL,yellowtaill
1Hnk8vfpxdpK1NhrXjQna8ZgKwi9PjJR4k,bonks
1HnoFBfr3FurpFVnz55n6KMi9DvE6KjdaY,dothack
1HoCcSohghhccRcXboy4kHBbCHswtf5JFv,dayglovinyl
1Hq3fsF2n8fpYb1wFVCgPYfVrSBschuR5Q,yellow
1HtYdDXMxjyeor1iFLp9LJ8fevk3e4WUq9,johnbtc
1HupEfLoLbGAycpKyofdo2c7PLzTtxATe7,bassclef
1Hv3CQKxnssGMwbEj34wtpkGBvdQmRmY48,surplus-trader
1HwhAvND2CY6WuRxmT3MX1434vxitLGXCv,SwagBoy
1HwnWsMy7UW5BooJcDNLHSyCidT6zxnhT7,btcLottery
1J1cx7A43kLKWnQiX4WRiMk5CCMYf63jDm,btcmixers
1J31qWLvZMjdfNCgJ9HmhPDPJnbf1bxE4P,odolvlobo
1J32FuJ9GD9mcCazUaVcPdpSiAK45BQkyY,elurin
1J3bBV7cgw8zG4Do2d8p3F4ujfnvcC4hYL,pereiraex
1J3ekX9kT4ywZvNdmQ4FtTGjseEN88BnHQ,tidus3
1J3tPHDMuvFtTHwBT96CHNVSp9nnsXBtyZ,safra
1J3uL9QQFZoXGqPSc3JKuho7xuSGhEJ1bJ,xlinx887
1J4X7VFxUsDPDKLefyfJJFXyvCzdLrRPXy,kuzetsa
1J4yzUXMuhuF28M3VYpqtmride5tj5smbi,nanotube
1J5hg7oPToC6wvLUTu2zhrM8iTm1LL2fnV,trex
1J79quRVESu9jyonB2X9nCv91CivvfnLiZ,dan7778
1J7dgEMVHRUxgShF4xfeSFQBtv2SiUWVFa,wisard
1J8TcveTztHpugJgFQLrPcgfp8t5SrbFbL,toffoo
1J96JXdfY3CYKeqiDASgnaKjLqumfqfSdG,lucidlepidoptera
1JBGy7XCKpBgJiAk74V36Vwa1TnDpW4cVs,Macarios
1JBvSWeMYLDgYqGxCA3ZK9p2Fx5hUMyfDU,Ex0deus
1JBxXCnLmX9CALaTgVGnW6bTjWxdDXhN1E,l4than-d3vers
1JCQ5jsF3d9Jyo8yn4ZawKkv8H55byfGqU,shhh
1JDMMLiNWhy65yKRpPdqQi8ihzaEQ8tzwK,contagion
1JDggfs9FnQk3DC8hdNDmM52m5DfzaNAcr,d87pir139
1JFHCMegQvKop3tvqzCHKw8veNAWtRBwyy,Samoi
1JFNNEtSiU9GnAA9A1DMJnTsL9yBt7kpPZ,Lepton
1JJ1grXMKKmV48FoGraxU5S9mxscLLkTgz,Reborn
1JK5NKpTvoBQhtp9SyMqkPUggt8hDDB53Y,TrueBlood
1JKKRnhaiUFG8axp4VPFDrQ5x7hZTLFt9T,headRCS
1JSQQ9eESgtSecf6wrGyzNTjwg7aZ3HnW5,peaknuckle
1JSVM44ZgtnS3F6XWePYCx8TzNVeWthzqe,liquidjustice
1JSw1X2xwH3oycho9aJJHSGjbrp78YkdmE,hamitron
1JTAYdbQnYVabWuTA9d9qLjo1jYMDjhEUo,drivehq12345
1JTR2PRQNYGPmrCM3sxxZZwgsoftc7j6kF,CodeName
1JTfqri5BddnEFhvPzDaiJiw78bkYvtM3c,ajws
1JVCH2aM6RtpMKjrN6hAV7yRJ2BUyy64uf,blackbadger
1JVH958kJEhRBVMYGYffh3ekc6g3Quogd8,Craig
1JVhoyaUsKVeZ4eKYyonGo8qEfDdTai8wY,ienh
1JWqZTzWRvrb9VXqw2QLCG4eRGRzPL5L9F,BlueiPod
1JYHAT8rdvjttsdAo6J29hThrvmueLHtVD,etro
1JZCdPnogidG1P43afRvybewS2z9ov4owJ,astrom
1JZMeBdsRXJQdH7hwksstCJLww2Qs4JhDD,MMF
1JdQr6HwJxJEhpCyYug4WrmUhFhiSDzrVq,Rabbit67890
1Jdgj62LRWae4gXEt1p9DidA2k3y1EK9PM,tarrant_01
1JeQnyr5hPZbqmRXjnbGG5uvqQcNdwso34,Blinky
1Jf42AEt37Yizk21pVuJRyGMnsg4W5Qnsz,andrei0427
1JfcLpNTmzQBYTUzAyo5z75T7use3vaKpU,bassula
1JgqajR1ubrKikkaDsoxXcuifLtx1nrmSj,grudged
1JiRBSpkhFdeoEemHvVsw42x7B7yLmDc9E,blkmt
1JiRH2Y9sTBk5CrnX2GCWK6vgCUbNk8jNz,chris3spice
1JiTF7c1wCzmV75WwNvjT3jHCN7RJx4Syd,subject
1JoR7sWosNxoKg2C3CDouFkmNxqVkPNnzs,oinkoink
1JpPJMGTqwf2xYAJGcauernXP66BkAitzN,theRayMan_
1Jqz89jjrD9sXjg4mUZaXXByViLEMsLyub,ShadowAlexey
1JsESpmHiTsFLwZ672UT7CTvDmXo42dzpD,chf
1JustinZDuhp6TETyLraq6XHopfrdPUe9j,justinm001
1Juv65wuxxkg8LmvfbctJctNWaqBznLrfc,mamamialover
1Jw6bG2h2Ni1aCTYcKJgzfjDi1Q1oSf3Uh,nickware
1JwQZNtcJXzH1BGWZYqCh7GboLGJkD1znu,MrPutin
1JwSSubhmg6iPtRjtyqhUYYH7bZg3Lfy1T,dexog
1JwSrMEbbYmaMumoKH5qSeSReDLsgcN1qi,trubits
1Jyf1GQ4mczdG3RtPNRH4MdpVEd3ouq4N1,INBR3D
1K337nGVbauy929uwU9PLAtUTinqanrm7S,aimbot
1K6rcPwyTi4qXjbM63zQs81h35yfs4mFxk,rezonanc
1K7fJcaGKopzn8yu6mQPybK9ykHbJWRjPE,misteromar
1KE7MAoW9bHUiDsXx5TgCtG87rSmARXNKY,Ashleyy_x
1KEtqA6qDQdoKCRoikMx18vznqtVs9uTYG,traders
1KGWwacbGSwpcqiuEWMzNym56cpMULM3mt,xiferz
1KHZKkjGh3zEAtSX8cr6jVN4D72KAKqTGu,bbhc
1KJGxHkUHp2oxik7R21X1jmSYu7MPqHhAD,rosster
1KKr95f52FiDZY655J3dQAgNazsyRa3uyK,TheDanielDoyle
1KLcP2MLKxx8CkqzDLMJGCiQ91BfCoUxxK,eldentyrell
1KMs47mFMHPDHwYADnm1LKyANK7o84H76S,enmaku
1KNpBuZFMnxrzPY43LNHeMRJPHvAQUyxuP,UnderSampled
1KPw5ooPVrYCBQEAqJoD73pdkTqFw6VTAG,elohim
1KRzgGVsVy6T6oMEQMF7ZrTLVV5qR69rf7,tobyl
1KSoXHQFEiBujfbg8xXzyFLHm25ScfafYo,doit
1KTZ2DJYXhgNN7axSHMDWXtouxswRJBXeF,sycho2
1KTygkYKcoqxJSc3QYSbYyfovg79BQXBxq,camelrider830
1KVVZUqiH2JkDjT72DsTkSug5bM3ZXGbNz,nmg
1KW8QrP6TvyhPqxqWHLXsbB3Muau5as7Ct,Blackthorn77
1KXarmngRew1kr3tHj4RnBJNpcEtJxiBZL,light-otc
1KY9mf7EEMngqaZsVJdL32PGRa1muhepA8,jordanb91
1KYdA6WYywVRsQLpQngErtUZH8GQx8aBGb,stevezah
1KYfoXJEzaVXwP8qeYYrJgR6wVbiGkKzhz,fishface1
1KYnfGVk73gPFa5rgTzReKMTNd7FnGN8jL,MKPrime
1KZhkVFuSxS4JYxLfztPZpYifoqciZ9Z6g,zz420247365zz
1Ka9WLMQuRJDBZAERv7zZqvWFUMiTNnkak,Shadit
1KdBgbMQSMjRtWDmzZdagccaoRKiffSMd5,D34TH
1KdwVJNz91v5WJKaAV1gReeXYyLeaUqpXz,mindlost
1KeFrBoTS1a5xNPeU8Qb2YQP8kChVHd2b8,repugnare
1KeTRxRd2hZA5AoSjsJhMLHDzTkew7vHuZ,luv2drnkbr
1Kewq8CsRQUbZF18w71yWoUhpMETgf5nb7,a92cir1885
1KgQYutjJH68EVxxY3FoCPJjm2xRRES9hN,ege
1KgdhzEzFybHqkLrC5euvEwYJQGcbHk7A4,sputty01
1KhBmCx4oWAUwT9xX891ZuZUCpJNQXounm,DarkCow
1Khpsj7ysRwihgs7EpPjt8D8ZZDGab8iXU,daveparrish
1KnyA3hcyoi7vWa9xxGgi86McJBQGp5u2f,btcbuy314
1KpENNpCpTmFZCCzJazGHhxjaky7bYzepg,djsmoke
1KqAsTqWQdnwji7y63o4KvHNTWVtNkoirL,MiConfesion
1KqgnKNWKSHJLg6ncvS7PC58c1pBGVUxDn,cooperm
1KsDx7bXRJ892dL5XYdWXiPdwYgKcbjBsq,pirapira
1KuC9Ep7SYgJCBUhd5B67bwWiUeqAXw3SP,phaepeej
1KuhzTR9JnHFZyNPavc2AbcwCoGPKikw2,jpierre
1KujLGj8XhsEShYEx1mLcC8HuEQX4vzR4N,detector2002
1Kv2QMe8Psq8973fUgyuRhpHoHErzjSS3J,keeperotlight
1KwQv4owkcxDiMrFKzBf3aGHq5WGtwuRat,ChinaCat751
1KwbU3BZuPrCkn6iYn48RrTBSxbwH9JGeZ,haidukk
1KxEYmp7DF4agHXkYwMA9YQRrrLWCVXtvg,Denommus
1KxMFK1kPqp1U4FjW4joBtucmKCuV3kHDR,bitcoiner_otr
1KxXTVUkqDjET8kpJ7MLf4NyBcF1C5oswh,unescape
1KxtFTWq8w7x7wDanYYCTFyww83ok5UYiL,crazy57
1KxvRz354fvvS5eezr6Cv9t98P652rha56,Raiden1911
1L2RM4TLoo1XnYBm4Va42mLjKkayf2MKNN,jayesslee
1L3S6iKTQNattNyyJH37YhrhHeAh6mJ31V,yossarian
1L6mydTVz3kZLLcGy3b6fXYXWwocRKSnD6,mindgraffiti
1L9mwPouZk9oRn3hLwnUiGTTynv1s1PeAo,oshawott21
1LA9nzgaUoWVYSCygRxQzcTYrR2naaVFFH,froomee
1LAe4toPq2hByVbfzGaFiddYUVk9VLKKT3,AndyYankee17
1LAi1AKhs9RmUNuRzQbSFp63cAt1RFiSf8,aceman
1LBqAw2ubGKxBrYeqeLoaxqpF5ktX1ccN9,EricLj
1LC2RCN4mVJpFZU16KhvDpAVsAu9keAf9T,Rooster
1LEo4e5BbkFauNZNjPHFDgcyUNsYsvtKDb,jubilee
1LFLy9cVq86jxNfU27mkK6mSR1WK2WnXRV,MrVivaldi
1LGTVaEyFSC716iAoYFRmNnU1uYtpdgzip,faeralini
1LGgCQnBBvjQWF9TfDMh8R96xChYuh1ARH,brutald
1LHSGrCU6fveqSfY2Q6Q8Cvaj1T8uvBreu,bulcoin
1LJFFEsyFtkMWyVkcqkTQdc2CTKMu2zQj5,Gweebo
1LLhqc2bGvUkKuNsCfprVaiaoghua6YZS2,bitcoinbuyer
1LPM2wHBVpUjmfRKgobD74nAPNH7yihFNo,CursedCadaver
1LPT8fcnA1UNrnguxHYRc2Hmfue7NrF1kr,vjain
1LRpsUKw2QYH4smouzz4dih7dtv1e9b7zY,kiaora
1LSCg9zKwrtiy6yJxRytWr8VXDVN1obS9a,Chichaboom
1LSykd2sCr9rS5jJqVe8FcQbVcJx5iBrVy,galori
1LTuHsWzSa7LovoWt8yBAQv2CSpB4PEao2,greatfire
1LVMNwaz75UYtwoYqh2YddbeSf5X4geq5H,sic_nic
1LVUofNQUoYxbyswhJcASNGoAK4twrWMbk,Kelticfox
1LVZ8M7M6o8xq3jdGdXM6SVZvy4uRqw5d,Puma1337
1LW9qz7jpaxx2hKx9DBYj54RXBS2Pnp7DK,fizzisist
1LWBBdnZt8rywX1HDjLJGc1uioB9ZNazJC,Jrumel
1LWCyCLVVtzKAYRSX2P8QAm7DmzMMEVfxD,bitsofcoins
1LWq2zrDPUsRcwrMibED2tYfBg3TvRkech,distribution
1LXUkHjwCsyaEHEvYBnsJQJ9V78sSm7Xie,cecil
1LYgjWpBukjrUdqxbFX6YZ42yvUWFpTB6S,teghost
1LYzNTtgMBBV9MYfAoxSkxHn54mVohbiRr,NotCoyote
1LZnhCCep576bZnbogm8JBjgeS3PSTTWTP,entheogenx
1La9nfkNPhsWPbaXghL29xY2HiTmhRitvC,bonzo
1LaFpCKV8RH5kzikPAH5LB65rxTKxkih8x,immel
1Lay2HKvXM6MtLab2GvwmDs9KfoshkP4A6,badbtc
1Lb59Erci9DZLELD3WXQTDSC9pnUW7dteV,akuma_senshi
1Le3LXQPc9nbKvDTDm1JBeP5inhaUAN66j,johnnyb
1LfLJiCpmNh1VkxSGpaLc5ZqzpN641PeWe,kerby34
1LfPwdDVccupB8VJquXn3BZaKMMUYiNBvV,swti
1Lh68DT8tzvk2Pq3yTgEPRCg82XijAm6GV,dardack
1LhvHnHWJbW7fZHw18PNZNjKJy7CYXigrJ,lgh22
1LiLkci2MeR9ZF3LYJTxfCNGK7eERqG3yZ,harmal
1LijzHVryyp22K8qSKjZFxjzkWzneDohhi,SMcMorgan
1LkdNKsnV5xYxm1AGDfDiytGkoLpNcPu1z,ezekiell
1Lkw4FrFB78vEbv6CdArzmYGi4PQi5w4M7,AsidHep
1LmpVntMU7pztsZkHn4NyaYCirGdCQFKoe,brocktice
1Ln3bv2PT32SpZJPvbhZ2dpKjNJ9iDdYsL,THOR_
1LoLogND8pKyu9hiJXKX57jbfpunVa8EyL,lologarithm
1LooZQ3cdYxxYfSb5RoYfHNM1Td67prCr3,smmagic
1LpEV4eWh4EXSxMRnN6aievXCzjtNA1PLJ,Rankor
1LpesvstMmW5deb5BSzjfwTpDQD1kES9hj,Smoovious
1Lq7LNwkxvGRCTDLH8eJNkRJdUwW4YW2wF,Patrick745
1LrNJcyhpt5WYFDNHoYXgMKo71a4yfZvHb,theRayMan
1LtsfoqtxgCqEDcMS8hKeGDckP3UYoMXHi,eNLogic
1Lu4TrTCNaUgnhb8vgvspNZXZDR1wAZDpZ,zipstyle
1LueUfk12XYhqW73r2JKGoPHszB646Teac,strello
1Lv4zfbe6pj8Bus832ijDj7YngLNYGkcaG,RB26DETT
1Lv8TbP77PufVKWG4zVsNrwpE5wLQWpwsZ,Greedi
1LvkuMSNYyp7qN6Q5DtpDrHbVDrySD3DMj,hoerem
1Lw4wCogbDMPNq3xSGLWfHGq3c1TcBcRDp,Kuroshiro
1LxxCu1bKvcyjrnxuNtdzQGYFhbMmJ962r,opcon
1LzWUfYAspmxMhSvYpM14TvihF25Mniyw3,MadSweeney
1M2xtU5H4A3zseac7bXbKCyY7qWaPWm3i1,btccache
1M8uQ1F8uuQ7ETWyuNoU2ghVbXaK7mttSu,robertb
1MAP12avqETjAamCPYxbkEUioVuyX1QuNe,newbyz
1MBFSDoKT8cTCWpcp1C1f9MdSNEz8caZJV,pickmeplz
1MC35TFfVkEFvw91Cj7yeJAKs4UB5jhRT7,scoot123
1MCRLTT9Gd1TFuoc7CfVwzmD7PYu6tjSzt,mcorlett
1MG9qstmr6UjrN6brx4uDVXRNHSr9Mjy7a,Zapsoda
1MGDnzNGPe6yxwcgXyWuhn6QKWT9WYA3JY,clorox
1MHP1b6wCXbEhBYxre4Q5f4sA4Hgvj64ZB,an3k
1MJqy1QipXAvEXKXwDhKcPdfjWZ3KZL3RT,gramble
1MKWte36KsikAy9qjLx13ehBR5oyteYAFj,paulpublic
1MNRcLHW7sgPMLJMkcY5YHLMyFPRG7zkx4,chidge
1MNdRuuBSznWgprRVaFSNbdvK4Q9L2pVoG,loveliness
1MV9aqpMaXLwSrpkSuy8HALHCrmjHBYL2U,psychedelicPanda
1MVgtRDAScY1LqksK71VPFH3yixRwCca12,yocko06
1MW8wWpW2hTEnP2MVGY91DQbvH3rK5pNXC,lifeis420
1MWZq7caE7HnbM7weFv8QLrWzYA5Pq1tdY,ali900
1MWsj5QwNvcRv9mXoaxf6Uqj9qEug9gpL6,a5an0
1MXYKeZp5wZmd1KCuKVt5yKmRDaX5caxBn,twiggg
1MXrZNZ6hQGJAE2fSUnu63krcGzZsMPtaM,pir
1MXuU19re7H92Emv4yt6EsL6yjF32Dp9yf,shader
1MYRkuLv4XPBa6bGnYAronz55grPAGcxja,Myrkul
1MYUmZMPUCKiasiPQGPnGNH8JXeKNaGWkk,bottomfeed
1MYnzGvaCDci9Lb8sBmL3FecHTbbvgLHhF,taha
1MZ7ZkBy9xHygUg9nwT3ERxywhmrUJUHxN,nym
1MZxoNoc9SXtQKJMVrzJ2E6nXqLcV59oRX,marker88
1Ma9b9vNiNvXiRc6DYfPMmWTYvovrXSZNS,Ignatius-otc
1MaRr8uhTqshmaCHpRBZQkeytQynwJwztg,notplato
1Mbqkq2MhkyfNpJARY7oV8rLcxJGBBT2Po,Mason05
1MdHv4Gx2mSnfTQ7JGCVsZnqVodwrWZiL9,Lanarchy
1MdZetHwDt8SJjVZSkG9GrRdJWrXizu9RE,rdponticelli
1MegadB7u2RgcXgzEfnq6BRAZ7X5s9nn9D,Megatron
1MetaBANKUZ794Lg2YEcp8mYSZQLk5KBAM,Metabank
1MfJpyFiBM4T7wPhvNJRr6cGqRoXnf66KT,rebr
1MhGwBk6EDiA8sFvRMMqgCfU8QjxRDWsfP,OneFixt
1MhaCK3Z1Ri1zBuSqdip5wGK3xdEPhyBBE,RandomQ
1MhrUV8jM73m4mMw1h3LuL6VL4dFLy9y2S,semesa
1MiChAiLJGzF5gwEcFkDS9GeUW2f3nJKkK,Michail1
1MiaKvvzhuCrbWJ2iXA9RceZfRpNDjwJTk,tunafizz
1MisakifjKcG2KWKgY4XES1bkAxdU4ozSE,xisalty-otc
1MjDZAWjUfcJFeEbrFJeZwASHrFML5JPF6,1MjDZAW
1MmmhhhF3jVmbf7EZEbMGYuJxgeYzfyF5L,bergson
1MohDmfFn4QV6mvE7DoqLUGMMBPGUzucoq,Animazing
1Mp8qD1xLnDYxHCaCN7tMewoN5z3DniV9G,phungus
1MpGEnMea1SnG75XgNfqFdwud6w2kfUt7g,bfg91
1MtxqppSqWYuaW4iGWBrAy8BzyazWt5nCh,eenkhab
1MuTFeAAfBUPxbzFGZqHN5hEgqMKCN6PDC,jtibble
1MwLd7rjVAzD2CwmDizV6SaKagvbJK16AP,copumpkin
1MyWssMFfXRRjVrMBZ4VZcuWPFTYNhnGjx,thermy
1MyazGXpfzKmyKPYdHT5Cw7JQr6rz5kynq,denzuk
1N2CS7CCEpp7srB6vJJMkhRjesX4JGh9ix,BTCIRL
1N2NHzATzPMTKAS5dSr8N1EwXudSZQibGu,killbill
1N3caxpG4GvLm7x5yyTqWKv3qjHaah9TmE,coax_k
1N3pphJSzQpQr5cBg1p3zTs2KQUJj1Pux3,dillona
1N4hMoDUDD15KpR7Q26p7nDhMDoh29ZPQU,markwin
1N54SGnZFqukNwKL8yPq9Pne6TGqMGbWW2,smd75jr1
1N6kRmam5DSCJRUtx6xXjdAfLimCHXJvpm,AlexSteiner
1N7Ut6ksqHJvkJ1Qa3n425683ua3aXaQuC,norulezapply
1N9Hte7iNSXfKR5FSCzJ3Xdt8yXahmQfJk,MysteryBanshee
1NAVDzSYPLDGsU6BzstDeYQbeuUGuB3URT,BenFenster
1NBukVMXoiFsCVKv9nSvNqh4G6orwAn8iu,djaze
1NCLP5cCrYMXEwPKwQwUArkqTWrdZSyxLG,airwolf420
1NCvn94TMUGye5cyBKHr9EDp4wu3H5VueF,randombcguy
1NHBFU2gjrWCEgiEXvCW1LkqrDfE6vCp91,whyisthisdudesonice
1NP9mUnwXSEzujQhw1tW6nrWiVazxw9Jto,johnnybit
1NPPLS5Xq4j9tv4aeLkvENJTCN9sfF358r,rey
1NQZT6jh3igPBME7T4ujejZGxdbjMub9DE,slush
1NUa2hqZUiEErBR3r2xATYiiWFnJh2RZ7k,honestbob
1NUqbQ1QisSUTkhaKX1ArZXwm3gvR4PNq1,BAMBIRAPTOR
1NW53xKYnJYMvPaQzL8FUbU7B92x7sHSbc,doseone1
1NYRQtCXYvECxLdShTHU6dB8jJgbsM6JNk,yournickname
1Namjies9JeJ4ugCzjkAj6dbaWrtjAFKCk,Namjies
1NbTRHr3DfABsLm9oZJdaQtCTpcaiRjJJs,dieselsmoth
1NcSeKnFPkMZ7MNcUc4h3b2P3BkxqV9PKJ,ph0x
1NdZbhNTU9ojCW65ToV6x52EAz9PJEBucv,datarecall
1NeBN92jzwa4eCoNtrdg3XMYUZVn83Mwmu,nipp0
1NeWArjoPgAXeZxXo9U699mqgqQ6sLdYFB,Newar
1Nej2R8uSTDAGsVkFGukpKMusG679fQ44b,AndrewNTH
1NfDCavyvPw65j3xVqzbUvBYAZgwRYAYSR,Nothing4You
1NiePhXbSj4pEuS7eGcx6ycHRnhmvK56Ei,joreep
1NimdaiY9RGwM8cSvus55Hko2NiTaxFCNX,nimda
1NjLsDdG3pTx5RBbAL3BYB37iVzUVnZe6f,Betafall
1NjdpiCgipBYcTJRoMnc5pLnkHbQx9mbGp,komatic
1Nmm6VaE4xPw9DhRrnn57t1BU94WvyVE1k,pachanga
1NoB36vZVCHHZ5Xreg39vcLK3cFbgSxRUP,Pan0ram1x
1Non4zbbWegow8JXHodHzQab6Tu4QqwQsn,zveda
1NphAE4QMnRxnX7Rt1xFY1PJ5KSqXThvum,Delirous
1NprzwunoPBTHnuHvsdJ1tX5qPpPWoQfmY,Diagoras
1NsfeUoN8Cu1fc7X1rC5MHb8LHoKAg8Dyk,scamwatch
1NuQLbjgegY2CAT8Lud6Ncu3ZgSSDKKwaZ,midnightmagic
1NvHcjd6sq7CqXCWviRJrVVHyBHygazyui,versa
1Nwvx2oK7QNdPtG3G7mjgCmkp2S3H1vVDv,Waveharp
1NyAYmEwSyK8a2BzzZd47p7mya33KeNRzb,nya
1NyLHRWRkCDZWAytEWG5ACQXqWZZrVXGYa,ninjad
1NzTB5kHqrqK5QB4z6HvWQiBz57kphdYp4,qba
1P1wACdKASqhLNJW7dyXyu4V3i6QkrCHAh,ronin-
1P23cT2BGL7Bv6RtpXcgsYRL2y6ko3wu8a,MaLaCoiD
1P2mQxFAEbaCRQB1ARc1wXNjUmjHQWmzyW,yuckfu
1P4Egbzqbke9GcCKfLYtLAGQbrFhFSBPWe,iLoftis
1P4MyV8u9ZQCG6ggccgcrnr4BVCTgeKRs,quentinous
1P6yWCjPttNX1HsUnUyPqnb8dBUmpyvCub,b0nsai
1P756zbL97KPQnXMoTf53uD2Fk7F4h1DyS,Ceph
1P8BTNNXBP3avpGvwWi5gReLJmr6YEXb4f,projects
1PA4XfVR2q6PBnxRj8arnzHN2bugBnCNNt,alexmat
1PCvSvmVRAh1nwRFSNVbvNsahFuwwqnBve,dantheman
1PDaeP54stGD9uW1diy2VSq2uv9GNU22YZ,geod
1PDgYpsH6Ga4QSwvtkuAQNUAN5vxAHsp4t,quentin13
1PFQsEYJV6KGrG7ohZnH1xAegwf6d2DXA5,mvd7793
1PJKWHHvGXTMeHpbuLK11KpvueW2c4PteQ,btctrading
1PJn4Syv6AMPhjyM1wVAbP82UHphAZ3S7U,DelirousIsAnIdiot
1PJwoBnH8XvSVNqSQJNYtMyk2bmgi2SM5f,btchips
1PKyq6aMKcCwn8cmb9Jc5SkNydLsQb5n7K,PsyKick
1PMFkEn7tcy9eWiVBiBe7MMxXk3b6vnrf5,ediekd3k
1PMQbixmH2Z8jTbeyFcpV3EmWGaaaobmKA,ma2k8
1PMt4WdWi4qKfYigT5c4gomYpU8aasNifk,Kumala
1PNBJDSfU9RY9cdhEncApxsPRYM57b66U9,jordan29
1PNLrqwnDFno1fNitmYTzWoeXagii9Z2k8,doseone
1PPGVewtgGCfah4AJKHAAuHLLb9ozuJkBi,disq
1PS68jRAnNV3tpysrqCJw4sCRDkeGAbh8g,jeremias
1PSXHHPq61x5tiyxruJrpf9axcMHJCfT6d,AmazonStuff
1PXwoDMmLqfqpezJ6SiA1kVk6KqitzNKvo,sopure
1PYujRp5nsDvQiBRHSoegTY7vikxxCSuVA,waltmarkers
1PcuhrYd4qETkh4Cz5CLnE6JBFxMdzTjSt,Trainz
1PdMgqTNQz31YpedQ1QF4d19USLAbPYT1W,seaweed
1PgQ7mLoYdWGK3YAdFVYz7HBL3JYWZdNun,xlsalty
1PhPCWeYtCa79G8RpLPHX8bLQ7fYTuNmdH,smoke420
1PiNWPcUVBf4QYujmzwLvAGnwWN8175abR,Tunisia
1PiRAtagLRozJkCtkHEbMgbWYeRNq6MPEV,paraipan
1PigCmSicVQjeAijwmiGf5TsAQsubLmAth,EionRobb
1PnMqgqLe2PkQ1P8JzK96hBqGJ3d2oiL2d,neverstop
1PppeYKZPgfgxBKuu8p4cVYH6uZhxS6Fqy,jbrazy
1Ppuj2kBfbc8dPpB6grVppVCzMDYgJ9uTy,SgtPeppersMoustache
1Ppz22GqwFEArPUQwZPvAMEGg2PKJ6PWDp,HighSpeedLowDrag
1Ps3dwTmLGRdNnryMXtZJK1qWoo6WhLjJV,project10
1PsWmYy3M6aTtqAi4b2WbhK162EN5XJiAu,Joshwaa
1Pv3sV1N3KmzJzGFUz7zuvLJP3XruL4Dxd,InsuDra
1PwPBsu3DBQjFPRUxrZGAfmraTh7d897Bn,MrCory
1PziRQq1BfusEzXZpvsygx1Xr3JPpKen6u,gavain788
1PzjnmQ4QcoRJLBCNSkxYyPh9zeVGnquKE,pancakes
1Q251RXTMwWf9zLG4nyG49YSmRapQCqgas,kjj
1Q4hwHEePamcHzYCtWG7MgDfXL8hxf8Fw5,bjoerni
1Q5YDmVKWvAz4rdixSdERwWQQu6h8GpABu,bitcoind
1Q5sEiZ7e1ZnNR5JNhgwxLdxbTQGUtAFc6,Metabank.ru
1Q65NwV9hnXyhcVYCjcDNZHdExvTiHzhdG,trainer769
1Q7qC9YuxhuvQ8da3HKR1ucP4XhXkwPAh2,spongebob88
1Q8WcWTskjn1zMXPw7i77KTuWGvw34pSxJ,jothan
1Q94hNssaCMJKfHuEzbaWko2ibZSFVRgyT,aethero
1Q9FavHENPK7sATGm8ebthxG9EhQmaamw2,Doffx
1QALc4preeWNzQkgWMZdzUhMbhjXNGC51K,Simon311398
1QAuGAypWAxwNaV3ucQzuUrPQmFX2KC3j7,QuantumQrack
1QDGgFS7qHk7WVrNqTiqwZDx5d4j629fv7,Kamrog
1QG1NrGFJ7rxKLqfwxA9u9qwd1xXH8fzdw,imisor
1QHq2StWzsbuk17kW33D7xMkatLAYxmdsh,melman2002
1QJXyEn2FcafsfySSXyMeKB3vbrCU9xk6q,theboss
1QKnx1WszUt6wfeWw4j7zGpNQs6QxDewbf,cellofellow
1QLAtEHyixzEiD9GGd3yn75UiMAXRLhgh5,scomil
1Qf2fXXnJgFRKemQs119ZRyP9p7FHQFW1,coingenuity_test
1Rassahgt3XSxKVJ62oSrQJxtH3wk4MKX,Rassah
1ShermUB5LrqiYyQwU2J4N8e93hr16Naz,Shermo
1SoLtySab29J2tAdF2x3PosjnwWF37wEY,asoltys
1SomguYYsdeBFYv9ujGt1V64PwssXco5z,Someguy123
1TPwv4VbicapkzFWoVyJqCXontDzi272q,evolvex
1Tuva5A8QUm9qo4e5KXh5fSHwkBDz86qD,algorythms
1Ub6NSk9Vop9nfBtc6QiiVrGAzm8orKqo,unixm
1Vmtw97c9TvJmERqtSE327UgtnbAScKBM,oakwhiz
1Wyerg99LmsPqxxU7miB6o9YGitHhbwA2,emorydunn
1YzP891DoMeYapak5kbgWX8kqERSnAJid,joecool
1Z8gVcdjVTXSfZJuMKEZYFTFKaK8i5FfA,Ru5ty
1ZnortsoStC1zSTXbW6CUtkvqew8czMMG,znort987
1assBEfKxpuhv3HdYfQwf9h2TR43DwVke,jborkl_
1dXPeSoCZyeGQ8BoEQ1Knzo4dudBRsy1j,coolblade
1drekkfqPKcasx719JPscH2Je51vPYxL6,drekk
1gburgdu9DB2AekAvP7PaDZU7fcWbBsxM,GarrettB
1he1osoeoQ9LHFh8ioF7gdWkPoyzfzMUy,nkr
1nbTFZTFy8Wtbti3LhnLFZgd5YTBrXjaU,phraust
1o1BcShERS9B7nqfc9aGb7C3ns7gcicBn,keystroke
1otcfAMt9iLVqTMYtJZedEppMVkdiQEWK,silverbull
1otcmN9g3x1hvYSgTzQwqsHfprwxsE1aj,weenfan
1otimm4Q7rWfRjq3yShfF7VJcGH3Bqtbj,otimm
1p5BaeB99WEvZvNVf4zs7PXWzBWPoP9wL,lessless
1phrogzVS6CQiXTqwYaHfgAci1Hdd8DFd,phrog
1q1xfY8mS3xsgUeMxcCyMMsQRvFfwj3VS,gracious
1rbUcm2DbvNvvJB6NS2RVv1yNC6tYA5FV,lovebtc
1rhjSfszc8ynqar2h35QD3RyjjvCwr2Vn,gfgfdg
1sharpSrMinBN9bdp6StxNqh3ggEyRbYh,sharpfocus
1srymhKCekT4jJZJavenBfooRYWPmv15X,joeryans
1trrYz1qgoQFvwUMRTfgzENTtZmMvjM1K,Railway
1usagi8WQJvnCoyV21XSZyUHhC6MzfksW,usagi
1vXhpZpeDWLmp7vN7k52x3WwRSZK3DT6X,dionyziz
1w1nH4VNcjdXDoTemPGfatC9ED8UcGvRB,gege
1xw6QFuj3jvQ1spfT9H5kqitaByeJjSRB,TradeFortress
1yWWufvxRKBscgBVrZHaMggTmLGB8evrr,lynx325
